
INSERT INTO `tipo_compra` (`idtipo_compra`, `nombre`) VALUES
(1, 'Equipo'),
(2, 'Componentes'),
(3, 'Accesorios'),
(4, 'Consumibles'),
(5, 'Servicio Eléctrico'),
(6, 'Servicio Mecánico'),
(7, 'Servicio de Construcción'),
(8, 'Servicio de Calibración'),
(9, 'Otros');

INSERT INTO `tipo_adquisicion_expediente` (`idtipo_adquisicion_expediente`, `nombre`) VALUES
(1, 'Bienes'),
(2, 'Servicios'),
(3, 'Obras');

INSERT INTO `tipo_compra_expediente` (`idtipo_compra_expediente`, `nombre`) VALUES
(1, 'Adjudicación directa de menor cuantía'),
(2, 'Adjudicación directa selectiva'),
(3, 'Adjudicación directa pública'),
(4, 'Concurso público'),
(5, 'Licitación pública');

INSERT INTO `tipo_observacion_expediente` (`idtipo_observacion_expediente`, `nombre`) VALUES
(1, 'Tacha'),
(2, 'Impugnaciones'),
(3, 'Penalizaciones');

INSERT INTO `unidad_medida` (`idunidad_medida`, `nombre`) VALUES
(1, 'Unidad'),
(2, 'Kit'),
(3, 'Libras'),
(4, 'Horas-Hombre'),
(5, 'Litros'),
(6, 'Onzas'),
(7, 'Kilogramos');

INSERT INTO `tipo_especificacion_tecnica` (`idtipo_especificacion_tecnica`, `nombre`) VALUES
(1, 'Generales'),
(2, 'Accesorios'),
(3, 'Características Eléctricas'),
(4, 'Cabina'),
(5, 'Seguridad'),
(6, 'Panel de Control'),
(7, 'Componentes'),
(8, 'Unidad de Control'),
(9, 'Parámetros de Operación y/o Medición'),
(10, 'Modos de Ventilación'),
(11, 'Controles de Programación Directa'),
(12, 'Monitoreo de Parámetros'),
(13, 'Alarmas'),
(14, 'Humidificador'),
(15, 'Accesorios y/o Insumos Adicionales');

INSERT INTO especificacion_tecnica(idtipo_especificacion_tecnica,nombre_equipo,nombre,correlativo_por_tipo_especificacion) VALUES 
('1','AGITADOR DE BOLSA DE SANGRE','EQUIPO PORTATIL','1'),
('1','AGITADOR DE BOLSA DE SANGRE','MONITOREO DEL FLUJO DE SANGRE','2'),
('1','AGITADOR DE BOLSA DE SANGRE','ALARMA DE ANORMALIDAD EN EL FLUJO DE SANGRE','3'),
('1','AGITADOR DE BOLSA DE SANGRE','PROGRAMACION DEL PESO O VOLUMEN DE SANGRE A COLECTAR','4'),
('1','AGITADOR DE BOLSA DE SANGRE','VISUALIZACION DIGITAL DE PESO O VOLUMEN DE SANGRE COLECTADO','5'),
('1','AGITADOR DE BOLSA DE SANGRE','RESOLUCION  ±1% DEL PESO O VOLUMEN MEDIDO','6'),
('1','AGITADOR DE BOLSA DE SANGRE','CON CLAMP Y ALARMA DE FIN DE PROCESO','7'),
('3','AGITADOR DE BOLSA DE SANGRE','BATERIAS RECARGABLES CON CARGADOR Y/O APTO PARA FUNCIONAR A 220vac / 60HZ','1'),
('1','AUTOCLAVE A VAPOR','CONTROLADO  POR  MICROPROCESADOR','1'),
('1','AUTOCLAVE A VAPOR','CÁMARA HORIZONTAL.','2'),
('1','AUTOCLAVE A VAPOR','CÁMARA DE ACERO INOXIDABLE CON CAPACIDAD DE LA CÁMARA DE 20 - 30 LITROS.','3'),
('1','AUTOCLAVE A VAPOR','CON INDICADOR DE LA TEMPERATURA DE LA CÁMARA EN FORMA ANALÓGICA O DIGITAL.','4'),
('1','AUTOCLAVE A VAPOR','INDICADOR DE NIVEL DE AGUA.','5'),
('1','AUTOCLAVE A VAPOR','CAPACIDAD DE CÁMARA DE RESERVORIO DE AGUA NO MENOR A 1 LITRO.','6'),
('1','AUTOCLAVE A VAPOR','VÁLVULA DE SEGURIDAD DE SOBREPRESION.','7'),
('1','AUTOCLAVE A VAPOR','APAGADO AUTOMÁTICO CON ALARMA DE FIN DE PROCESO.','8'),
('1','AUTOCLAVE A VAPOR','SISTEMA  DE  SEGURIDAD  QUE  IMPIDE  LA  APERTURA  DE  LA  PUERTA,  CUANDO    EXISTE','9'),
('1','AUTOCLAVE A VAPOR','PRESIÓN EN LA CÁMARA.','10'),
('1','AUTOCLAVE A VAPOR','COMPENSACIÓN DE PRESIÓN ATMOSFÉRICA.','11'),
('2','AUTOCLAVE A VAPOR','DOS (02) BANDEJAS DE ACERO INOXIDABLE COMO MÍNIMO, MAS PORTABANDEJA.','1'),
('3','AUTOCLAVE A VAPOR','VOLTAJE DE ALIMENTACIÓN DE 220 VOLTIOS A 60 HZ.','1'),
('3','AUTOCLAVE A VAPOR','POTENCIA APROXIMADA : 1.5 KW','2'),
('9','AUTOCLAVE A VAPOR','CON TEMPORIZADOR DE 0 A 20 MINUTOS O MAS.','1'),
('9','AUTOCLAVE A VAPOR','CUATRO    (04)   PROGRAMAS   DE    ESTERILIZACIÓN    COMO   MÍNIMO,    PARA  DIFERENTES','2'),
('9','AUTOCLAVE A VAPOR','MATERIALES.','3'),
('1','BAÑO MARIA','TANQUE  DE  ACERO INOXIDABLE  RESISTENTE  A LA CORROSIÓN.','1'),
('1','BAÑO MARIA','CAPACIDAD ENTRE 10 A  15   LITROS.','2'),
('1','BAÑO MARIA','RANGO  DE   TEMPERATURA   MÍNIMO:   MENOR  Ó   IGUAL   A   10°C  SOBRE   LA  TEMPERATURA','3'),
('1','BAÑO MARIA','AMBIENTE. MÁXIMO Ó MAYOR IGUAL A 80°C EN   AGUA.','4'),
('1','BAÑO MARIA','SISTEMA DE  CONTROL ELECTRÓNICO POR  MICROPROCESADOR.','5'),
('1','BAÑO MARIA','INDICADOR DIGITAL DE LA  TEMPERATURA.','6'),
('1','BAÑO MARIA','PROTECCIÓN CONTRA  SOBRE TEMPERATURA.','7'),
('1','BAÑO MARIA','DISPOSITIVO O SISTEMA DE  DRENAJE.','8'),
('1','BAÑO MARIA','CONTROL DE TEMPERATURA CON RESOLUCIÓN DE +/-1 °C O   MENOR.','9'),
('1','BAÑO MARIA','CON TAPA (INCLUYE  ASA) DE ACERO INOXIDABLE  U OTRO MATERIAL RESISTENTE  AL  CALOR.','10'),
('1','BAÑO MARIA','CON ALARMA ACÚSTICA O VISUAL Y ALARMA POR BAJO NIVEL DE    AGUA.','11'),
('1','BAÑO MARIA','CON TEMPORIZADOR HASTA  NUEVE (09) HORAS COMO  MÍNIMO.','12'),
('2','BAÑO MARIA','CUATRO    (04)    GRADILLAS    DE    ACERO    INOXIDABLE     PARA    TUBOS,    PARA   DIFERENTES','1'),
('2','BAÑO MARIA','CAPACIDADES DE TUBOS.','2'),
('2','BAÑO MARIA','SOPORTE  COMO MÍNIMO DE  DIEZ (10) TUBOS  DE ENSAYO.','3'),
('2','BAÑO MARIA','CON TERMÓMETRO   DE VIDRIO DE 0 A 90°C O MAS CON PORTA    TERMÓMETRO.','4'),
('3','BAÑO MARIA','VOLTAJE DE ALIMENTACIÓN 220 VAC, 60  Hz.','1'),
('1','BOMBA DE INFUSION','PORTÁTIL.','1'),
('1','BOMBA DE INFUSION','DE  UN (01) CANAL DE INFUSIÓN.','2'),
('1','BOMBA DE INFUSION','PROGRAMACIÓN Y  MONITOREO  DIGITAL  CONTROLADO  POR MICROPROCESADOR.','3'),
('1','BOMBA DE INFUSION','MECANISMO DE  BOMBEO: PERISTÁLTICO,   LINEAL ó  SIMILAR.','4'),
('1','BOMBA DE INFUSION','CON SISTEMA ANTIFLUJO  LIBRE.','5'),
('1','BOMBA DE INFUSION','VISUALIZACIÓN DIRECTA  DE: FLUJO,  VOLUMEN TOTAL Y VOLUMEN   INFUNDIDO.','6'),
('1','BOMBA DE INFUSION','EQUIPO CON PROTECCIÓN A PRUEBA DE  DERRAME DE   LÍQUIDOS.','7'),
('1','BOMBA DE INFUSION','USO CON SETS DE INFUSIÓN DE "LÍNEA   ABIERTA".','8'),
('1','BOMBA DE INFUSION','SISTEMA ABIERTO QUE  PERMITA  EL USO DE  LINEAS DE  DIFERENTES MARCAS.','9'),
('2','BOMBA DE INFUSION','DIEZ (10) LÍNEAS (SET) DE  INFUSIÓN.','1'),
('3','BOMBA DE INFUSION','VOLTAJE  DE  ALIMENTACIÓN 220 VAC / 60 Hz.','1'),
('3','BOMBA DE INFUSION','BATERÍA  RECARGABLE CON AUTONOMÍA  MÍNIMA  DE  4 HORAS.','2'),
('9','BOMBA DE INFUSION','BOMBA','1'),
('9','BOMBA DE INFUSION','FLUJO DE INFUSIÓN DE 1 ml/h ó MENOS A    999ml/h ó MAS.','2'),
('9','BOMBA DE INFUSION','FLUJO DE  INFUSIÓN PROGRAMABLE  CON INCREMENTOS  DE  0.1ml/h Y 1ml/h.','3'),
('9','BOMBA DE INFUSION','VOLUMEN DE  INFUSIÓN PROGRAMABLE DESDE O ml HASTA  9999ml O  MAS.','4'),
('9','BOMBA DE INFUSION','SISTEMA DE SEGURIDAD KVO (KEEP VENOUS  OPEN).','5'),
('9','BOMBA DE INFUSION','ALARMAS AUDIOVISUALES','6'),
('9','BOMBA DE INFUSION','DE  INFUSIÓN COMPLETADA.','7'),
('9','BOMBA DE INFUSION','DE OCLUSIÓN.','8'),
('9','BOMBA DE INFUSION','DE AIRE EN LA  LÍNEA.','9'),
('9','BOMBA DE INFUSION','DE PUERTA ABIERTA.','10'),
('9','BOMBA DE INFUSION','DE  BATERÍA BAJA.','11'),
('1','CABINA DE FLUJO LAMINAR','SEGURIDAD BIOLOGICA CLASE II','1'),
('1','CABINA DE FLUJO LAMINAR','CAMBIO EL 30% ó MAS DEL AIRE CIRCULANTE EN LA CABINA','2'),
('1','CABINA DE FLUJO LAMINAR','CUMPLIMIENTO DEL STANDARD NSF 49.','3'),
('1','CABINA DE FLUJO LAMINAR','DIMENSION  INTERIOR  DE  LA  CABINA; ANCHO:  MAYOR ó IGUAL A  1150mm, ALTO:  MAYOR  ó','4'),
('1','CABINA DE FLUJO LAMINAR','IGUAL A 450mm, FONDO:MAYOR ó IGUAL A 540mm.','5'),
('1','CABINA DE FLUJO LAMINAR','SISTEMA DE COMPENSACION DEL FLUJO POR SATURACION DE FILTRO','6'),
('2','CABINA DE FLUJO LAMINAR','BASE METALICA DE ALTURA AJUSTABLE Y CON DESCANSO PARA LOS PIES.','1'),
('2','CABINA DE FLUJO LAMINAR','TOMA Y VALVULA DE GAS.','2'),
('2','CABINA DE FLUJO LAMINAR','TOMACORRIENTE   INCORPORADO.','3'),
('2','CABINA DE FLUJO LAMINAR','DOS   (02)   FILTROS    HEPA   CON   99.99%   DE   EFICIENCIA   PARA   PARTICULAS   DE   0.3µm    DE','4'),
('2','CABINA DE FLUJO LAMINAR','REPUESTO.','5'),
('3','CABINA DE FLUJO LAMINAR','VOLTAJE DE ALIMENTACION 220 VAC / 60Hz','1'),
('4','CABINA DE FLUJO LAMINAR','VENTANA DESLIZABLE DE CRISTAL FACIL   APERTURA POR   MEDIO DE SISTEMA','1'),
('4','CABINA DE FLUJO LAMINAR','CONTRABALANCEADA  U OTRO MECANISMO.','2'),
('4','CABINA DE FLUJO LAMINAR','ABERTURA DE LA VENTANA: 10"','3'),
('4','CABINA DE FLUJO LAMINAR','SUPERFICIE DE TRABAJO REMOVIBLE DE ACERO INOXIDABLE.','4'),
('5','CABINA DE FLUJO LAMINAR','PROTECCION CONTRA ESCAPES DE AIRE AL EXTERIOR DE LA CABINA.','1'),
('6','CABINA DE FLUJO LAMINAR','FLUJO DE AIRE MAYOR ó IGUAL A  105  FPM, A UNA ABERTURA DE 10" DE LA VENTANA','1'),
('6','CABINA DE FLUJO LAMINAR','CON INDICADOR DE ALARMA DE BAJO FLUJO DE AIRE','2'),
('6','CABINA DE FLUJO LAMINAR','MEDIDOR  DE  PRESION  EN  EL  FILTRO    ó   SISTEMA  ALTERNATIVO  PARA  DETERMINAR LA','3'),
('6','CABINA DE FLUJO LAMINAR','SATURACION DEL FILTRO.','4'),
('7','CABINA DE FLUJO LAMINAR','DOS  FILTROS  HEPA  CON  99.99%  DE  EFICIENCIA  PARA  PARTICULAS  DE 0.3µm  UNO PRINCIPAL','1'),
('7','CABINA DE FLUJO LAMINAR','Y OTRO DE EXTRACCION.','2'),
('7','CABINA DE FLUJO LAMINAR','LAMPARA PARA ILUMINACION DEL AREA DE TRABAJO.','3'),
('7','CABINA DE FLUJO LAMINAR','LAMPARA UV PARA ESTERILIZACION.','4'),
('1','CENTRIFUGA PARA HEMATOCRITO','CON   SISTEMA    DE    SEGURIDAD    PARA   LA    APERTURA   DE    LA   TAPA    DURANTE','1'),
('1','CENTRIFUGA PARA HEMATOCRITO','FUNCIONAMIENTO.','2'),
('1','CENTRIFUGA PARA HEMATOCRITO','INDICADOR Y PROGRAMACIÓN DE VELOCIDAD Y TIEMPO.','3'),
('1','CENTRIFUGA PARA HEMATOCRITO','FRENADO RÁPIDO Y SUAVE.','4'),
('1','CENTRIFUGA PARA HEMATOCRITO','INDICADOR DE TAPA ABIERTA.','5'),
('1','CENTRIFUGA PARA HEMATOCRITO','SISTEMA CONTROLADO POR MICROPROCESADOR.','6'),
('1','CENTRIFUGA PARA HEMATOCRITO','MOTOR ELÉCTRICO LIBRE DE MANTENIMIENTO.','7'),
('1','CENTRIFUGA PARA HEMATOCRITO','VELOCIDAD DEL ROTOR: ENTRE 10,000 RPM HASTA 12,000 RPM O RANGO MAYOR.','8'),
('1','CENTRIFUGA PARA HEMATOCRITO','TEMPORIZADOR PROGRAMABLE HASTA 15 MINUTOS COMO MÍNIMO.','9'),
('1','CENTRIFUGA PARA HEMATOCRITO','NIVEL DE RUIDO NO MAYOR A 65 dBA.','10'),
('1','CENTRIFUGA PARA HEMATOCRITO','ROTOR CON CAPACIDAD PARA 24 CAPILARES.','11'),
('2','CENTRIFUGA PARA HEMATOCRITO','DOCIENTOS (200) CAPILARES COMO MINIMO','1'),
('3','CENTRIFUGA PARA HEMATOCRITO','VOLTAJE DE ALIMENTACIÓN 220 VAC, 60 Hz.','1'),
('1','COCHE DE TRANSPORTE','INTEGRADO POR: MUEBLE RODABLE, RESUCITADOR MANUAL ADULTO,  RESUCITADOR MANUAL','1'),
('1','COCHE DE TRANSPORTE','NEONATAL, ASPIRADOR DE SECRECIONES Y LARINGOSCOPIO.','2'),
('7','COCHE DE TRANSPORTE','MUEBLE RODABLE','1'),
('7','COCHE DE TRANSPORTE','ESTRUCTURA    SÓLIDA    DE    FACIL   LIMPIEZA   CON    SUPERFICIE   SUPERIOR   DE    TRABAJO','2'),
('7','COCHE DE TRANSPORTE','RESISTENTE A LA CORROSIÓN.','3'),
('7','COCHE DE TRANSPORTE','SISTEMA DE SEGURIDAD PARA EVITAR CAÍDA DE EQUIPO O INSTRUMENTAL MEDICO.','4'),
('7','COCHE DE TRANSPORTE','CON AGARRADERA O BARRA ERGONONOMETRICA PARA FÁCIL DESPLAZAMIENTO.','5'),
('7','COCHE DE TRANSPORTE','PORTA SUERO TELESCOPICO','6'),
('7','COCHE DE TRANSPORTE','PORTA - BALÓN DE OXÍGENO PARA BALÓN DE OXÍGENO TIPO  E.','7'),
('7','COCHE DE TRANSPORTE','ESTRUCTURA  RODABLE DE  CUATRO (04) RUEDAS DE   4" ó 5"  DE  DIÁMETRO CON SISTEMA  DE','8'),
('7','COCHE DE TRANSPORTE','FRENOS MÍNIMO EN DOS RUEDAS.','9'),
('7','COCHE DE TRANSPORTE','DIMENSIONES APROXIMADAS: ALTURA 850 mm; ANCHO (PARTE FRONTAL) 650 mm;  FONDO   600mm. +/- 10%','10'),
('7','COCHE DE TRANSPORTE','CON TRES (03) CAJONES EN LA PARTE FRONTAL COMO MÍNIMO.','11'),
('7','COCHE DE TRANSPORTE','RESUCITADOR MANUAL ADULTO','12'),
('7','COCHE DE TRANSPORTE','BOLSA CON CAPACIDAD MÍNIMA 1200 ml. ESTERILIZABLE EN AUTOCLAVE.','13'),
('7','COCHE DE TRANSPORTE','DOS    (02)    MASCARILLAS    PARA    ADULTOS    DE    DIFERENTES    TAMAÑOS    CON   BORDES','14'),
('7','COCHE DE TRANSPORTE','ACOJINADOS, ANATÓMICOS, TRANSPARENTES, ESTERILIZABLES EN AUTOCLAVE.','15'),
('7','COCHE DE TRANSPORTE','VÁLVULA DE PACIENTE, VÁLVULA RELIEF Y VÁLVULA PEEP ESTERILIZABLES EN AUTOCLAVE.','16'),
('7','COCHE DE TRANSPORTE','RESERVORIO  DE   OXÍGENO   QUE   PERMITA   CONCENTRACIONES   DE   HASTA  100  %   DE O2,','17'),
('7','COCHE DE TRANSPORTE','REUSABLE Y AUTOCLAVABLE.','18'),
('7','COCHE DE TRANSPORTE','RESUCITADOR MANUAL NEONATAL','19'),
('7','COCHE DE TRANSPORTE','BOLSA DE SILICONA, ESTERILIZABLE EN AUTOCLAVE Y CON CAPACIDAD MÁXIMA DE 300 ml.','20'),
('7','COCHE DE TRANSPORTE','DOS (02) MASCARILLAS NEONATALES DE DIFERENTES  TAMAÑOS CON BORDES   ACOJINADOS,','21'),
('7','COCHE DE TRANSPORTE','ANATÓMICOS, TRANSPARENTES, ESTERILIZABLES EN AUTOCLAVE.','22'),
('7','COCHE DE TRANSPORTE','VÁLVULA DE PACIENTE, VÁLVULA RELIEF Y VÁLVULA PEEP ESTERILIZABLES EN AUTOCLAVE.','23'),
('7','COCHE DE TRANSPORTE','RESERVORIO   DE   OXÍGENO   QUE   PERMITA   CONCENTRACIONES   DE   HASTA   100%   DE  O2,','24'),
('7','COCHE DE TRANSPORTE','REUSABLE Y AUTOCLAVABLE.','25'),
('7','COCHE DE TRANSPORTE','ASPIRADOR DE SECRECIONES','26'),
('7','COCHE DE TRANSPORTE','PORTÁTIL CON INDICADOR DE PRESIÓN NEGATIVA Y FILTRO BACTERICIDA/HIDROFOBICO.','27'),
('7','COCHE DE TRANSPORTE','BAJO NIVEL DE RUIDO.','28'),
('7','COCHE DE TRANSPORTE','RANGO DE PRESIÓN DE VACÍO REGULABLE DE 0 A 550 mmHg O MAS, CAPACIDAD DE  SUCCIÓN','29'),
('7','COCHE DE TRANSPORTE','NO MENOR A 20 Lts/min.','30'),
('7','COCHE DE TRANSPORTE','FRASCO  RESISTENTE  A  IMPACTOS  CON  CAPACIDAD DE  1 LITRO  Ó MAS,  ESTERILIZABLE  EN','31'),
('7','COCHE DE TRANSPORTE','AUTOCLAVE CON ESCALA Y DISPOSITIVO DE SEGURIDAD ANTIRREBOSE.','32'),
('7','COCHE DE TRANSPORTE','UNA (01) CÁNULA DE SUCCIÓN ADULTO Y UNA (01) CÁNULA DE SUCCIÓN  PEDIÁTRICA,','33'),
('7','COCHE DE TRANSPORTE','ESTERILIZABLES EN AUTOCLAVE Ó CANULAS DE SUCCION DESCARTABLES: CINCUENTA (50)','34'),
('7','COCHE DE TRANSPORTE','PARA ADULTO Y CINCUENTA (50) PEDIATRICAS.','35'),
('7','COCHE DE TRANSPORTE','REQUERIMIENTO DE ENERGÍA: 220V / 60Hz','36'),
('7','COCHE DE TRANSPORTE','LARINGOSCOPIO DE FIBRA ÓPTICA','37'),
('7','COCHE DE TRANSPORTE','ESTUCHE CON LARINGOSCOPIO DE FIBRA ÓPTICA MANGO TAMAÑO "C" HOJAS','38'),
('7','COCHE DE TRANSPORTE','INTERCAMBIABLES   MACINTOSH/MILLER   DE   DIFERENTES   TAMAÑOS  (MIN   3  DE   C/U); HOJAS','39'),
('7','COCHE DE TRANSPORTE','INOXIDABLES Y AUTOCLAVABLES; UNA LÁMPARA ADICIONAL.','40'),
('7','COCHE DE TRANSPORTE','ESTUCHE CON LARINGOSCOPIO DE FIBRA ÓPTICA MANGO TAMAÑO "AA" HOJAS','41'),
('7','COCHE DE TRANSPORTE','INTERCAMBIABLES   RECTAS   O   MILLER  DE   TAMAÑOS:   00,   0  Y   1;    HOJAS   INOXIDABLES Y','42'),
('7','COCHE DE TRANSPORTE','AUTOCLAVABLES; UNA LÁMPARA ADICIONAL.','43'),
('7','COCHE DE TRANSPORTE','TUBOS  ENDOTRAQUEALES  DE  3.5  MM,  4  MM,  5  MM,  6  MM  Y  8 MM:  CINCO  (05)  DE SILICONA','44'),
('7','COCHE DE TRANSPORTE','REUSABLE ó CINCUENTA  (50) TUBOS DESCARTABLES DE PVC SILICONADO PARA CADA  MEDIDA;','45'),
('7','COCHE DE TRANSPORTE','Y  TUBOS  ENDOTRAQUEALES  DE  7  Y  7.5mm:  DIEZ  (10)  DE  SILICONA  REUSABLE  ó  CIEN  (100)','46'),
('7','COCHE DE TRANSPORTE','DESCARTABLES DE PVC SILICONADO PARA CADA MEDIDA.','47'),
('7','COCHE DE TRANSPORTE','MASCARAS LARINGEAS  CON INCLINACION O TORCEDURA ANATOMICA  Nº 3 Y  Nº 4: CINCO  (05)','48'),
('7','COCHE DE TRANSPORTE','DESCARTABLES PARA CADA MEDIDA.','49'),
('7','COCHE DE TRANSPORTE','CILINDRO','50'),
('7','COCHE DE TRANSPORTE','UN   (01)   BALÓN   DE    OXÍGENO    TIPO    E,   CON    MANÓMETRO/REGULADOR   DE    PRESIÓN  Y','51'),
('7','COCHE DE TRANSPORTE','FLUJÓMETRO.','52'),
('7','COCHE DE TRANSPORTE','JUEGO DE DOS (02) MASCARILLAS DE OXIGENO DE DIFERENTES TAMAÑOS.','53'),
('1','DESFIBRILADOR','PORTÁTIL, PESO TOTAL   IGUAL ó MENOR a 10 kg, INCLUIDA LA  BATERÍA.','1'),
('1','DESFIBRILADOR','TIEMPO DE CARGA MENOR ó IGUAL a  10 segundos   a MÁXIMA  ENERGÍA.','2'),
('1','DESFIBRILADOR','SELECTOR   DE  CARGA    EN  EL  PANEL  DEL  EQUIPO:  PARA  ONDA  BIFÁSICA:  DE  10  A   200','3'),
('1','DESFIBRILADOR','JOULES ó RANGO MAYOR (CON 08 ó MAS VALORES DE   SELECCIÓN).','4'),
('1','DESFIBRILADOR','CONTROL   DE INICIO DE CARGA Y DESCARGA  DESDE PALETA  EXTERNA.','5'),
('1','DESFIBRILADOR','CON  UN  PAR  DE  PALETAS   PARA  ADULTO  Y  PEDIÁTRICO,  ESTAS  ÚLTIMAS  DESLIZABLES Ó','6'),
('1','DESFIBRILADOR','MONTABLES SOBRE LAS PALETAS DE ADULTO. (O   VICEVERSA).','7'),
('1','DESFIBRILADOR','SINCRONISMO  PARA CARDIOVERSIÓN.','8'),
('1','DESFIBRILADOR','INDICADOR DE ESTADO DE LA  BATERÍA.','9'),
('2','DESFIBRILADOR','COCHE   SÓLIDO,   RODABLE   PARA   COLOCAR   EL   EQUIPO,   ACABADO   RESISTENTE    A   LA CORROSION','1'),
('2','DESFIBRILADOR','. CON DOS (02) FRENOS DE PIE EN LADOS OPUESTOS, GIRABLE A   360º.','2'),
('2','DESFIBRILADOR','DOS (02) CABLES TRONCALES ECG (DE 03 RAMALES), CON DOS RAMALES POR CADA JUEGO.','3'),
('2','DESFIBRILADOR','UN   (01)   CABLE   TRONCAL   DE   ECG  (DE   05  RAMALES),   CON  UN   JUEGO  DE   05  CABLES-','4'),
('2','DESFIBRILADOR','RAMALES, PARA ADQUIRIR 06 ó MAS DERIVADAS DE  ECG.','5'),
('2','DESFIBRILADOR','CIEN (100) ELECTRODOS DE ECG DESCARTABLES TIPO BROCHE PARA   PIEL.','6'),
('2','DESFIBRILADOR','TRES (03) FRASCOS DE GEL ELECTROCONDUCTIVO,  CADA UNO DE 250CC   MÍNIMO.','7'),
('2','DESFIBRILADOR','DIEZ (10) ROLLOS DE PAPEL TERMOSENSIBLE.','8'),
('3','DESFIBRILADOR','VOLTAJE DE ALIMENTACIÓN 220 VAC / 60  Hz.','1'),
('3','DESFIBRILADOR','BATERÍA  (S) RECARGABLE  (S), CON CARGADOR INTEGRADO  AL EQUIPO,  CAPACIDAD MÍNIMA:','2'),
('3','DESFIBRILADOR','VEINTE (20) DESCARGAS A MÁXIMA ENERGÍA Y/O DOS (02) HORAS    EN MONITOREO.','3'),
('9','DESFIBRILADOR','PANTALLA','1'),
('9','DESFIBRILADOR','PANTALLA LCD.','2'),
('9','DESFIBRILADOR','GRAFICA DE ONDA ECG Y VISUALIZACIÓN DEL VALOR NUMÉRICO MEDIDO    EN PANTALLA.','3'),
('9','DESFIBRILADOR','VISUALIZACIÓN DEL VALOR NUMÉRICO DE LA ENERGÍA SELECCIONADA y/ó  LIBERADA.','4'),
('9','DESFIBRILADOR','ELECTROCARDIOGRAMA (ECG)','5'),
('9','DESFIBRILADOR','ADQUISICIÓN DE  ECG A TRAVÉS DE  CABLE DE  PACIENTE,  06  DERIVACIONES  Ó  MAS: I,  II,   III,','6'),
('9','DESFIBRILADOR','aVR, aVL, aVF .','7'),
('9','DESFIBRILADOR','ADQUISICIÓN DE ECG A TRAVÉS DE PALETAS DE   DESFIBRILACIÓN.','8'),
('9','DESFIBRILADOR','ALARMA PARA LA FRECUENCIA CARDIACA. SUPERIOR E   INFERIOR','9'),
('9','DESFIBRILADOR','REGISTRADOR','10'),
('9','DESFIBRILADOR','TIPO DE REGISTRO POR ARREGLO  TÉRMICO.','11'),
('9','DESFIBRILADOR','REGISTRO DE ECG Y  EVENTOS.','12'),
('1','DESTILADOR DE AGUA','PARA MONTAJE EN PARED O SOBREMESA','1'),
('1','DESTILADOR DE AGUA','CON CAPACIDAD DE 2 LITROS POR HORA O MAYOR.','2'),
('1','DESTILADOR DE AGUA','FABRICACIÓN INTERIOR  EN ACERO INOXIDABLE Y EXTERIOR PINTADO.','3'),
('1','DESTILADOR DE AGUA','EVAPORADOR CON PROTECCION CONTRA SALPICADURAS DE FACIL ACCESIBILIDAD.','4'),
('1','DESTILADOR DE AGUA','CON  CONDENSADOR  FACILMENTE DESMONTABLE.','5'),
('1','DESTILADOR DE AGUA','CONDENSADOR DE PURIFICACIÓN QUE SUMINISTRE AGUA DESTILADA LIBRE DE PIROGENOS','6'),
('1','DESTILADOR DE AGUA','SISTEMA   DE   SEGURIDAD   O   PROTECCIÓN   DE   CORTE   DE   CORRIENTE   EN   CASO  DE','7'),
('1','DESTILADOR DE AGUA','INSUFICIENCIA O FALTA DE AGUA.','8'),
('1','DESTILADOR DE AGUA','ELEMENTO CALENTADOR DE ACERO INOXIDABLE','9'),
('3','DESTILADOR DE AGUA','VOLTAJE DE ALIMENTACIÓN DE 220 V A 60 HZ.','1'),
('3','DESTILADOR DE AGUA','POTENCIA APROXIMADA : 1.5 KW.','2'),
('9','DESTILADOR DE AGUA','CONDUCTIVIDAD DEL AGUA DESTILADA 3.0 uS/CM A 25ºC O MENOR.','1'),
('9','DESTILADOR DE AGUA','VISUALIZACIÓN CONDUCTIVIDAD MEDIANTE CONDUCTIMETRO.','2'),
('1','DESTRUCTOR DE AGUJAS','CARCASA DE  ALTA  RESISTENCIA  TERMICA  Y QUIMICA.','1'),
('1','DESTRUCTOR DE AGUJAS','EQUIPO APTO PARA LA DESTRUCCION DE  AGUJAS   HIPODERMICAS.','2'),
('1','DESTRUCTOR DE AGUJAS','DE  FACIL DESPLAZAMIENTO E INSTALACION.','3'),
('1','DESTRUCTOR DE AGUJAS','DESECHOS   PRODUCIDOS   DE   SEGURA   MANIPULACION  (DESTRUCCION   POR FUSION','4'),
('1','DESTRUCTOR DE AGUJAS','TERMICA  DEL MATERIAL).','5'),
('1','DESTRUCTOR DE AGUJAS','COLECTOR DE  RESIDUOS  DE  ACERO INOXIDABLE.','6'),
('1','DESTRUCTOR DE AGUJAS','TEMPERATURA  DE  TRABAJO DE  1000°C Ó MAS.','7'),
('1','DESTRUCTOR DE AGUJAS','TIEMPO DE  DESTRUCCION DE  AGUJA  NO MAYOR A 3 SEGUNDOS.','8'),
('1','DESTRUCTOR DE AGUJAS','CON   CAPACIDAD  DE   INCINERACION   DE   AGUJAS  DE   CALIBRE  (DIAMETRO):   DE  16G','9'),
('1','DESTRUCTOR DE AGUJAS','(1.62MM) A 30G (0.3MM), COMO  MINIMO.','10'),
('3','DESTRUCTOR DE AGUJAS','VOLTAJE  DE  ALIMENTACION 220 VAC / 60HZ.','1'),
('1','DETECTOR DE LATIDOS FETALES','UNIDAD  DE SOBREMESA.','1'),
('1','DETECTOR DE LATIDOS FETALES','SOPORTE  ó RECEPTÁCULO  PARA  EL TRANSDUCTOR.','2'),
('1','DETECTOR DE LATIDOS FETALES','CONTROL DE  VOLUMEN Y SALIDA PARA  AURICULAR.','3'),
('1','DETECTOR DE LATIDOS FETALES','CON CARGADOR Y BATERÍA  RECARGABLE  INTEGRADA.','4'),
('2','DETECTOR DE LATIDOS FETALES','UN  (01)  TRANSDUCTOR ULTRASÓNICO.','1'),
('2','DETECTOR DE LATIDOS FETALES','DOS  (02) FRASCOS DE  GEL CONDUCTOR ACÚSTICO DE  250 ml  MÍNIMO.','2'),
('2','DETECTOR DE LATIDOS FETALES','UN (01) AURICULAR.','3'),
('3','DETECTOR DE LATIDOS FETALES','VOLTAJE  DE  ALIMENTACIÓN 220 VAC / 60 Hz.','1'),
('3','DETECTOR DE LATIDOS FETALES','BATERÍA  (S) RECARGABLE (S) INTEGRADA  (S),   AUTONOMÍA  MÍNIMA:  DOS (02) HORAS.','2'),
('7','DETECTOR DE LATIDOS FETALES','TRANSDUCTORES','1'),
('7','DETECTOR DE LATIDOS FETALES','UN (01) TRANSDUCTOR MULTIFRECUENCIA  DE ARREGLO CONVEXO DE 2.5 MHz  A 5.5 MHz   CON','2'),
('7','DETECTOR DE LATIDOS FETALES','RADIO DE CURVATURA ENTRE 40 y 60 mm.','3'),
('7','DETECTOR DE LATIDOS FETALES','UN (01) TRANSDUCTOR MULTIFRECUENCIA TRANSVAGINAL DE ARREGLO CONVEXO DE 4.5   MHz','4'),
('7','DETECTOR DE LATIDOS FETALES','A 7.5 MHz CON ÁNGULO DE APERTURA MAYOR O IGUAL A 120 GRADOS.','5'),
('7','DETECTOR DE LATIDOS FETALES','(SE ACEPTARA RANGOS DE FRECUENCIA MAYORES A LOS SOLICITADOS,   TAMBIÉN AQUELLOS','6'),
('7','DETECTOR DE LATIDOS FETALES','COMPRENDIDOS  DENTRO DE LA TOLERANCIA  DE +0.5 MHz EN EL LIMITE  INFERIOR O  -0.5   MHz','7'),
('7','DETECTOR DE LATIDOS FETALES','EN EL LIMITE  SUPERIOR, PERO NO AMBOS A LA VEZ PARA LOS  TRANSDUCTORES    INDICADOS','8'),
('7','DETECTOR DE LATIDOS FETALES','EN B01 Y B02).','9'),
('7','DETECTOR DE LATIDOS FETALES','MODOS DE EXPLORACIÓN','10'),
('7','DETECTOR DE LATIDOS FETALES','B, B/B, B/M y M.','11'),
('7','DETECTOR DE LATIDOS FETALES','PROGRAMAS','12'),
('7','DETECTOR DE LATIDOS FETALES','MEDICIÓN DE LONGITUD, CIRCUNFERENCIA, ÁREA, VOLUMEN.','13'),
('7','DETECTOR DE LATIDOS FETALES','PAQUETE OBSTÉTRICO CON CÁLCULOS FETALES: DIÁMETRO  BIPARIETAL (BPD),  LONGITUD DE','14'),
('7','DETECTOR DE LATIDOS FETALES','FÉMUR    (FL),    LONGITUD    CRÁNEO-NALGA (CRL), CIRCUNFERENCIA DE CABEZA (HC),','15'),
('7','DETECTOR DE LATIDOS FETALES','CIRCUNFERENCIA DE ABDOMEN (CA), PESO FETAL.','16'),
('7','DETECTOR DE LATIDOS FETALES','REVISIÓN CINEMATOGRÁFICA NO MENOR A 60 CUADROS (EN MODO B).','17'),
('7','DETECTOR DE LATIDOS FETALES','LÍNEA GUÍA DE BIOPSIA.','18'),
('7','DETECTOR DE LATIDOS FETALES','PERIFÉRICOS','19'),
('7','DETECTOR DE LATIDOS FETALES','VIDEO IMPRESORA BLANCO Y NEGRO, PARA FORMATO A6, CON RESOLUCIÓN NO MENOR A 260','20'),
('7','DETECTOR DE LATIDOS FETALES','DPI Y 256 NIVELES DE GRIS.','21'),
('7','DETECTOR DE LATIDOS FETALES','PUERTO DE ENTRADA Y SALIDA DIGITAL.','22'),
('7','DETECTOR DE LATIDOS FETALES','UN (01) GRABADOR DE CD-RW Y UN (01) PUERTO USB COMO MÍNIMO.','23'),
('9','DETECTOR DE LATIDOS FETALES','RANGO DE FRECUENCIA  CARDIACA  : DE 60   A 190 LATIDOS  POR MINUTOS  Ó MAS.','1'),
('9','DETECTOR DE LATIDOS FETALES','VISUALIZADOR   DE  FRECUENCIA CARDIACA.','2'),
('9','DETECTOR DE LATIDOS FETALES','INDICADOR  DE  BATERÍA BAJA.','3'),
('9','DETECTOR DE LATIDOS FETALES','POTENCIA  PROMEDIO EMITIDA  MENOR A 10 mW/cm².','4'),
('9','DETECTOR DE LATIDOS FETALES','FRECUENCIA DE TRABAJO ENTRE   2  Y   3 MHz  INCLUSIVE.','5'),
('1','ECOGRAFO','UNIDAD    RODABLE    EN   UNA    ESTRUCTURA    INTEGRADA    SÓLIDA    ORIGINAL    DEL   MISMO','1'),
('1','ECOGRAFO','FABRICANTE.','2'),
('1','ECOGRAFO','PANTALLA LCD DE 12 PULGADAS O MAS.','3'),
('1','ECOGRAFO','TECLADO ALFA NUMÉRICO.','4'),
('1','ECOGRAFO','DOS O MAS PUERTOS DE CONEXIÓN PARA TRANSDUCTORES.','5'),
('1','ECOGRAFO','FORMACIÓN DIGITAL DEL HAZ ULTRASONIDO.','6'),
('1','ECOGRAFO','256 NIVELES DE GRIS COMO MÍNIMO.','7'),
('2','ECOGRAFO','ADAPTADORES DE PUNCIÓN SEGÚN TRANSDUCTORES SOLICITADOS.','1'),
('2','ECOGRAFO','INTERRUPTOR DE PEDAL.','2'),
('2','ECOGRAFO','SOPORTE PARA CABLES DE TRANSDUCTORES.','3'),
('2','ECOGRAFO','UN (01) FRASCO DE GEL CONDUCTOR ACÚSTICO DE 250ml MÍNIMO.','4'),
('2','ECOGRAFO','DIEZ (10) ROLLOS DE PAPEL PARA VIDEO IMPRESORA.','5'),
('2','ECOGRAFO','UN (01)  ESTABILIZADOR  DE  ESTADO SÓLIDO,  PRECISIÓN DE  VOLTAJE  DE SALIDA  MENOR   O','6'),
('2','ECOGRAFO','IGUAL A +/-3% Y POTENCIA SUPERIOR EN 25% O MAS DE LA POTENCIA NOMINAL DEL EQUIPO.','7'),
('3','ECOGRAFO','VOLTAJE DE ALIMENTACIÓN 220VAC / 60 Hz.','1'),
('1','ELECTROCARDIOGRAFO','UNIDAD  COMPACTA  DE  SOBREMESA PORTATIL.','1'),
('1','ELECTROCARDIOGRAFO','FORMA DE  OPERACIÓN MANUAL Y AUTOMATICA.','2'),
('1','ELECTROCARDIOGRAFO','CON PANTALLA LCD.','3'),
('1','ELECTROCARDIOGRAFO','CON IMPRESORA INTEGRADA   HASTA  3 DERIVACIONES  EN FORMA SIMULTANEA  O MAS.','4'),
('1','ELECTROCARDIOGRAFO','VELOCIDAD DE ARRASTRE DEL PAPEL DE 25, 50 mm/s,    MINIMO.','5'),
('1','ELECTROCARDIOGRAFO','CON INTERFACE  PARA  COMUNICACIÓN A PC.','6'),
('2','ELECTROCARDIOGRAFO','CABLE DE  PACIENTE  DE  10 RAMALES (12 DERIVACIONES).','1'),
('2','ELECTROCARDIOGRAFO','SEIS  (06) ELECTRODOS  TIPO  VENTOSA ADULTO.','2'),
('2','ELECTROCARDIOGRAFO','SEIS  (06) ELECTRODOS  TIPO  VENTOSA  PEDIATRICO.','3'),
('2','ELECTROCARDIOGRAFO','CUATRO  (04) ELECTRODOS  TIPO  PINZA ADULTO.','4'),
('2','ELECTROCARDIOGRAFO','CUATRO  (04) ELECTRODOS  TIPO  PINZA PEDIATRICO.','5'),
('2','ELECTROCARDIOGRAFO','TRES  (03) FRASCOS DE 100 CC GEL PARA  ECG.','6'),
('2','ELECTROCARDIOGRAFO','VEINTE  (20) ROLLOS  Ó PAQUETES DE  PAPEL PARA ECG.','7'),
('2','ELECTROCARDIOGRAFO','UN (01) MALETIN PARA  TRANSPORTE.','8'),
('3','ELECTROCARDIOGRAFO','VOLTAJE  DE  ALIMENTACIÓN 220VAC / 60 Hz.','1'),
('3','ELECTROCARDIOGRAFO','CON BATERIA INCORPORADA  DE 25 MINUTOS  DE DURACION O   MAS.','2'),
('1','EQUIPO DE ELECTROCIRUGIA','PANEL DIGITAL DE FÁCIL VISUALIZACIÓN Y MANIOBRA.','1'),
('1','EQUIPO DE ELECTROCIRUGIA','INDICADORES DIGITALES DE POTENCIA : DE CORTE Y   COAGULACIÓN.','2'),
('1','EQUIPO DE ELECTROCIRUGIA','SISTEMA  DE  ADAPTACIÓN AUTOMÁTICA  A LAS DISTINTAS IMPEDANCIAS  DE LOS  TEJIDOS AL','3'),
('1','EQUIPO DE ELECTROCIRUGIA','MOMENTO DEL CORTE Ó COAGULACIÓN.','4'),
('1','EQUIPO DE ELECTROCIRUGIA','CONTROL DE CONTACTO DEL ELECTRODO  NEUTRO.','5'),
('1','EQUIPO DE ELECTROCIRUGIA','CON ALARMA AUDIOVISUAL DE DESCONEXIÓN DE  CABLES.','6'),
('2','EQUIPO DE ELECTROCIRUGIA','COCHE RODABLE PARA COLOCAR EL EQUIPO DEL MISMO  FABRICANTE.','1'),
('2','EQUIPO DE ELECTROCIRUGIA','PEDAL  ó  PEDALES  PARA  ACTIVAR EL  MODO MONOPOLAR  DE  CORTE/COAGULACION Y EL','2'),
('2','EQUIPO DE ELECTROCIRUGIA','MODO BIPOLAR DE COAGULACION, CON CABLE CONECTOR AL EQUIPO.','3'),
('2','EQUIPO DE ELECTROCIRUGIA','ELECTRODOS   NEUTROS   TAMAÑO   ADULTO   DE   DOBLE   CAMPO  (DE   CAUCHO, SILICONA,','4'),
('2','EQUIPO DE ELECTROCIRUGIA','GOMA    CONDUCTORA   ó  EQUIVALENTE   FLEXIBLE)  :  05  ELECTRODODS   REUSABLES  CON','5'),
('2','EQUIPO DE ELECTROCIRUGIA','ACCESORIOS   SUJETADORES   ó   100   ELECTRODOS   DESCARTABLES,   CON   DOS  CABLE-','6'),
('2','EQUIPO DE ELECTROCIRUGIA','CONECTOR AL EQUIPO COMO MINIMO.','7'),
('2','EQUIPO DE ELECTROCIRUGIA','ELECTRODOS  NEUTROS  TAMAÑO  PEDIATRICO  DE  DOBLE  CAMPO  (DE  CAUCHO, SILICONA,','8'),
('2','EQUIPO DE ELECTROCIRUGIA','GOMA    CONDUCTORA   ó  EQUIVALENTE   FLEXIBLE)  :  05  ELECTRODODS   REUSABLES  CON','9'),
('2','EQUIPO DE ELECTROCIRUGIA','ACCESORIOS   SUJETADORES   ó   100   ELECTRODOS   DESCARTABLES,   CON   DOS  CABLE-','10'),
('2','EQUIPO DE ELECTROCIRUGIA','CONECTOR AL EQUIPO COMO MINIMO.','11'),
('2','EQUIPO DE ELECTROCIRUGIA','CABLE MONOPOLAR CON CONECTOR AL EQUIPO DE  03 GUIAS, CON    MANGO INTERRUPTOR','12'),
('2','EQUIPO DE ELECTROCIRUGIA','DE CORTE-COAGULACION : 05 REUSABLES ó 100  DESCARTABLES.','13'),
('2','EQUIPO DE ELECTROCIRUGIA','ELECTRODOS  MONOPOLARES  TAMAÑO CORTO  : 06 REUSABLES  ó 60 DESCARTABLES TIPO','14'),
('2','EQUIPO DE ELECTROCIRUGIA','CUCHILLA   ;   06  REUSABLES   ó  60  DESCARTABLES   TIPO   AGUJA   ;   06  REUSABLES   ó 60','15'),
('2','EQUIPO DE ELECTROCIRUGIA','DESCARTABLES  TIPO  ASA ó LAZO  ó CONIZACION (DE VARIOS  DIAMETROS) ;  03 REUSABLES ó 30 DESCARTABLESTIPO BOLA (DE VARIOS DIAMETROS).','16'),
('2','EQUIPO DE ELECTROCIRUGIA','ELECTRODOS    MONOPOLARES   REUSABLES   TAMAÑO   LARGO   ó   CON   EXTENSION   :  03','17'),
('2','EQUIPO DE ELECTROCIRUGIA','REUSABLES   ó  30  DESCARTABLES   TIPO   CUCHILLA   ó  LANCETA   ;   03  REUSABLES   ó  30 DESCARTABLES  TIPO  ASA ó LAZO  ó CONIZACION (DE VARIOS  DIAMETROS) ;  03 REUSABLES ó 30 DESCARTABLES TIPO BOLA (DE VARIOS  DIAMETROS).','18'),
('2','EQUIPO DE ELECTROCIRUGIA','02 CABLES-CONECTOR BIPOLAR REUSABLES.','19'),
('2','EQUIPO DE ELECTROCIRUGIA','04 ELECTRODOS BIPOLARES REUSABLES TIPO PINZA, CON AISLAMIENTO, DE FORMA   Y','20'),
('2','EQUIPO DE ELECTROCIRUGIA','TAMAÑO DISTINTOS.','21'),
('2','EQUIPO DE ELECTROCIRUGIA','CABLE DE ALIMENTACION CON TOMA A TIERRA.','22'),
('3','EQUIPO DE ELECTROCIRUGIA','VOLTAJE DE ALIMENTACIÓN 220 VAC / 60  Hz.','1'),
('7','EQUIPO DE ELECTROCIRUGIA','GENERADOR','1'),
('7','EQUIPO DE ELECTROCIRUGIA','01 SALIDA MONOPOLAR ó MAS, PARA CABLE-CONECTOR ESTANDAR DE 03 GUIAS.','2'),
('7','EQUIPO DE ELECTROCIRUGIA','01 SALIDA BIPOLAR.','3'),
('7','EQUIPO DE ELECTROCIRUGIA','01 SALIDA PARA ELECTRODO NEUTRO.','4'),
('7','EQUIPO DE ELECTROCIRUGIA','ACTIVACION MEDIANTE INTERRUPTOR MANUAL Y  PEDAL.','5'),
('7','EQUIPO DE ELECTROCIRUGIA','POTENCIA MAXIMA','6'),
('7','EQUIPO DE ELECTROCIRUGIA','MODO MONOPOLAR CORTE : 200W ó MAYOR.','7'),
('7','EQUIPO DE ELECTROCIRUGIA','MODO  MONOPOLAR  COAGULACION  POR CONTACTO  (SUAVE ó  FORZADA  ó DESECACION ó','8'),
('7','EQUIPO DE ELECTROCIRUGIA','ESTANDAR) ó CORTE MIXTO : 70W ó  MAYOR.','9'),
('7','EQUIPO DE ELECTROCIRUGIA','MODO   MONOPOLAR  COAGULACION   SIN  CONTACTO   (SPRAY   ó  FULGURACION)   :   80W  ó','10'),
('7','EQUIPO DE ELECTROCIRUGIA','MAYOR.','11'),
('7','EQUIPO DE ELECTROCIRUGIA','MODO BIPOLAR COAGULACION ó BIPOLAR ESTANDAR : 50W ó MAYOR.','12'),
('1','EQUIPO DE RAYOS X RODABLE','EQUIPO RODABLE.','1'),
('1','EQUIPO DE RAYOS X RODABLE','FACILIDAD DE MANIOBRABILIDAD DEL CONJUNTO BRAZO-MONOBLOQUE.','2'),
('1','EQUIPO DE RAYOS X RODABLE','CON TECNOLOGIA DE CONVERTIDOR DE ALTA FRECUENCIA','3'),
('2','EQUIPO DE RAYOS X RODABLE','UN (01) MANDIL EMPLOMADO.','1'),
('2','EQUIPO DE RAYOS X RODABLE','UN (01) REVELADOR MANUAL PARA PELÍCULAS TAMAÑO NO MENOR A 30 mm x 40 mm.','2'),
('3','EQUIPO DE RAYOS X RODABLE','VOLTAJE DE ALIMENTACIÓN 220 VAC, 60 Hz.','1'),
('7','EQUIPO DE RAYOS X RODABLE','TENSIÓN DEL TUBO DE RAYOS X : MAYOR ó IGUAL A 60 KV. Y MENOR ó IGUAL A 70 KV.','1'),
('7','EQUIPO DE RAYOS X RODABLE','CORRIENTE DEL TUBO DE RAYOS X : 8 mA.  O MENOS.','2'),
('7','EQUIPO DE RAYOS X RODABLE','PUNTO FOCAL DEL TUBO DE RAYOS X , 0.8 mm. ó MENOS.','3'),
('7','EQUIPO DE RAYOS X RODABLE','CON ROTACIÓN COMPLETA EN EL PLANO HORIZONTAL.','4'),
('7','EQUIPO DE RAYOS X RODABLE','CON ROTACIÓN EN EL PLANO VERTICAL.','5'),
('7','EQUIPO DE RAYOS X RODABLE','FILTRACIÓN TOTAL MÍNIMA 1.5 mm de Aluminio.','6'),
('8','EQUIPO DE RAYOS X RODABLE','TIEMPO MAS CORTO DE EXPOSICIÓN: 40 ms  Ó MENOS.','1'),
('8','EQUIPO DE RAYOS X RODABLE','VISUALIZACIÓN DIGITAL DE PARÁMETROS DE EXPOSICIÓN.','2'),
('8','EQUIPO DE RAYOS X RODABLE','SELECCIÓN DE PACIENTES ADULTOS Y NIÑOS.','3'),
('8','EQUIPO DE RAYOS X RODABLE','INDICADOR LUMINOSO Y AUDIBLE DE EMISIÓN DE RAYOS X.','4'),
('8','EQUIPO DE RAYOS X RODABLE','DISPARADOR PARA EMISIÓN DE RAYOS X CON CABLE DE EXTENSIÓN.','5'),
('1','ESTERILIZADOR POR CALOR SECO','CONTROLADO  POR MICROPROCESADOR','1'),
('1','ESTERILIZADOR POR CALOR SECO','DE SOBREMESA CON CAPACIDAD DE CÁMARA DE 50 LITROS - 60 LITROS','2'),
('1','ESTERILIZADOR POR CALOR SECO','FABRICADA EN ACERO INOXIDABLE','3'),
('1','ESTERILIZADOR POR CALOR SECO','CIRCULACIÓN DE AIRE POR CONVECCIÓN NATURAL.','4'),
('1','ESTERILIZADOR POR CALOR SECO','CON PROGRAMA DE CONTROL DE TEMPERATURA','5'),
('1','ESTERILIZADOR POR CALOR SECO','VISUALIZACIÓN DE LA TEMPERATURA DE LA CÁMARA EN FORMA DIGITAL.','6'),
('1','ESTERILIZADOR POR CALOR SECO','CON TEMPORIZADOR DE 0 A 20 HORAS O MAS.','7'),
('1','ESTERILIZADOR POR CALOR SECO','CON SISTEMA DE PROTECCIÓN DE SOBRE TEMPERATURA.','8'),
('2','ESTERILIZADOR POR CALOR SECO','CON (03) TRES O MAS BANDEJAS DE ACERO INOXIDABLE Y PORTABANDEJA.','1'),
('3','ESTERILIZADOR POR CALOR SECO','VOLTAJE DE ALIMENTACIÓN DE 220 V A 60 HZ.','1'),
('3','ESTERILIZADOR POR CALOR SECO','POTENCIA APROXIMADA : 1.5 KW','2'),
('9','ESTERILIZADOR POR CALOR SECO','RANGO DE OPERACIÓN MINIMO DE 30 °C A  200 °C.','1'),
('9','ESTERILIZADOR POR CALOR SECO','DESVIACIÓN DE LA TEMPERATURA DE + / - 0.5 °C O MENOS.','2'),
('1','INCUBADORA DE TRANSPORTE','CONTROL DE TEMPERATURA POR MICROPROCESADOR Y/O MICROCONTROLADOR.','1'),
('1','INCUBADORA DE TRANSPORTE','UNIDAD DE TRANSPORTE PARA PACIENTES NEONATOS.','2'),
('1','INCUBADORA DE TRANSPORTE','CON FRENOS EN DOS RUEDAS COMO MINIMO.','3'),
('1','INCUBADORA DE TRANSPORTE','ALTURA DE COCHE AJUSTABLE.','4'),
('1','INCUBADORA DE TRANSPORTE','CON LÁMPARA DE EXAMEN INTEGRADA AL EQUIPO.','5'),
('1','INCUBADORA DE TRANSPORTE','CON UNIDAD DE REANIMACIÓN INTEGRADA  AL EQUIPO CON ASPIRADOR DE  SECRECIONES','6'),
('1','INCUBADORA DE TRANSPORTE','TIPO VENTURI.','7'),
('1','INCUBADORA DE TRANSPORTE','FLUJÓMETRO CON FRASCO DE NEBULIZACIÓN.','8'),
('1','INCUBADORA DE TRANSPORTE','MANGUERA DE CONEXIÓN AL BALÓN Y TOMA DE OXÍGENO A PARED.','9'),
('1','INCUBADORA DE TRANSPORTE','CON DOS (02) O MAS VENTANILLAS DE ACCESO.','10'),
('1','INCUBADORA DE TRANSPORTE','CON ACCESOS PARA TUBOS DE INFUSIÓN.','11'),
('1','INCUBADORA DE TRANSPORTE','CON CINTURÓN DE SEGURIDAD PARA FIJAR AL NEONATO.','12'),
('1','INCUBADORA DE TRANSPORTE','CON SISTEMA DE SEGURIDAD DE SOBRETEMPERATURA.','13'),
('1','INCUBADORA DE TRANSPORTE','CÚPULA DE DOBLE PARED.','14'),
('2','INCUBADORA DE TRANSPORTE','UN (01) ANALIZADOR DE OXÍGENO.','1'),
('2','INCUBADORA DE TRANSPORTE','DOS (02) SENSORES DE TEMPERATURA DE PIEL DE REPUESTO.','2'),
('2','INCUBADORA DE TRANSPORTE','UN  PULSIOXÍMETRO  CON  UN  SENSOR  NEONATAL  (CON  BATERÍA  RECARGABLE INCLUIDO','3'),
('2','INCUBADORA DE TRANSPORTE','CARGADOR).','4'),
('2','INCUBADORA DE TRANSPORTE','DOS (02) COLCHONETAS.','5'),
('2','INCUBADORA DE TRANSPORTE','UN (01) S0PORTE PARA INFUSIÓN INTRAVENOSA.','6'),
('2','INCUBADORA DE TRANSPORTE','DOS (02) FILTROS DE AIRE.','7'),
('2','INCUBADORA DE TRANSPORTE','DOS  (02)  CILINDROS  PARA  OXÍGENO  DE  ACERO  O  ALUMINIO  TIPO  E  CADA  UNO  CON SU','8'),
('2','INCUBADORA DE TRANSPORTE','VÁLVULA  REDUCTORA   DE   PRESIÓN,  MANÓMETRO  Y  FLUJÓMETRO    (INCLUYE   UNA   (01)','9'),
('2','INCUBADORA DE TRANSPORTE','MANGUERA ALTA PRESION FLEXIBLE PARA CARGA DE OXIGENO MEDICINAL  COMO   MINIMO:','10'),
('2','INCUBADORA DE TRANSPORTE','PRESION: 0 - 3000PSI, INGRESO: CGA-540, SALIDA: CGA-870, LARGO: 120cm).','11'),
('2','INCUBADORA DE TRANSPORTE','CIEN (100) SUJETADORES DE SENSORES DE TEMPERATURA DE PIEL.','12'),
('3','INCUBADORA DE TRANSPORTE','VOLTAJE DE ALIMENTACIÓN 220 VAC / 60 Hz.','1'),
('3','INCUBADORA DE TRANSPORTE','BATERÍAS CON AUTONOMÍA LIBRE DE MANTENIMIENTO  (SELLADA) MÍNIMA  DE 3.5 HORAS   Ó','2'),
('3','INCUBADORA DE TRANSPORTE','MAS, CON CABLE ADAPTADOR Y CONECTOR DE 12 VDC PARA USO EN VEHÍCULO.','3'),
('9','INCUBADORA DE TRANSPORTE','DE LA INCUBADORA','1'),
('9','INCUBADORA DE TRANSPORTE','CONTROL PROGRAMABLE DE LA TEMPERATURA DE LA CABINA.','2'),
('9','INCUBADORA DE TRANSPORTE','RANGO DE TEMPERATURA DE CABINA: DE 22 °C ó MENOS, A 37 °C ó MAS (39 °C MÁXIMO).','3'),
('9','INCUBADORA DE TRANSPORTE','NIVEL DE RUIDO DE 60 dBA Ó MENOS.','4'),
('9','INCUBADORA DE TRANSPORTE','INCLUYE SENSOR DE TEMPERATURA DE PIEL.','5'),
('9','INCUBADORA DE TRANSPORTE','ALARMAS   AUDIOVISUALES','6'),
('9','INCUBADORA DE TRANSPORTE','INDICADOR VISUAL Y SONORO DE ALTA Y BAJA TEMPERATURA.','7'),
('9','INCUBADORA DE TRANSPORTE','INDICADOR VISUAL Y SONORO DE FALLA  DE SENSOR.','8'),
('9','INCUBADORA DE TRANSPORTE','SILENCIADOR DE ALARMA.','9'),
('1','LAMPARA CIALITICA DE TECHO','DISEÑADO  Y  FABRICADO  EN  ESTRUCTURA   SÓLIDA,  ALTAMENTE  RESISTENTE   Y   DURABLE,','1'),
('1','LAMPARA CIALITICA DE TECHO','EMPOTRADA  EN EL TECHO.','2'),
('1','LAMPARA CIALITICA DE TECHO','CUERPO LUMINOSO  DE  FÁCIL  LIMPIEZA  Y DESINFECCIÓN.','3'),
('1','LAMPARA CIALITICA DE TECHO','INTENSIDAD LUMINOSA  DE  100,000  LUX O MAS','4'),
('1','LAMPARA CIALITICA DE TECHO','TEMPERATURA  DE  COLOR:  4200 °K O MAS','5'),
('1','LAMPARA CIALITICA DE TECHO','CON CONTROL DE  INTENSIDAD DE  LUZ Y DE  ENFOQUE.','6'),
('1','LAMPARA CIALITICA DE TECHO','FUENTE  DE  ILUMINACIÓN CON LUZ HALÓGENA  O ARREGLO DE LEDS.','7'),
('1','LAMPARA CIALITICA DE TECHO','SISTEMA    QUE    GARANTICE     LUZ    FRÍA     EN    EL    CAMPO    OPERATORIO,    ELEVACIÓN  DE','8'),
('1','LAMPARA CIALITICA DE TECHO','TEMPERATURA  MENOR O IGUAL A 15  °C.','9'),
('1','LAMPARA CIALITICA DE TECHO','SISTEMA  AUTOMÁTICO  DE   RECAMBIO  DE   FUENTE   LUMINOSA   EN  CASO  DE  EMERGENCIA,','10'),
('1','LAMPARA CIALITICA DE TECHO','(SOLO SI EL BULBO ES CON LUZ   HALÓGENA).','11'),
('1','LAMPARA CIALITICA DE TECHO','CON   SISTEMA   QUE   PERMITA   QUE   EL   COLOR   DE   LOS    TEJIDOS    ILUMINADOS,    NO    SE','12'),
('1','LAMPARA CIALITICA DE TECHO','DISTORSIONEN.','13'),
('1','LAMPARA CIALITICA DE TECHO','DIAMETRO DEL CAMPO ILUMINADO  MAYOR O IGUAL A  160  mm','14'),
('1','LAMPARA CIALITICA DE TECHO','PROFUNDIDAD DEL CAMPO ILUMINADO  MAYOR O IGUAL A  400   mm.','15'),
('1','LAMPARA CIALITICA DE TECHO','CABEZAL  DE   LA  LÁMPARA,   DISEÑADA  PARA    REEMPLAZAR  FÁCILMENTE   LAS   LAMPARAS','16'),
('1','LAMPARA CIALITICA DE TECHO','(BOMBILLAS)','17'),
('1','LAMPARA CIALITICA DE TECHO','SISTEMA MECÁNICO O EQUIVALENTE, QUE  PERMITA  LA ESTABILIDAD DE   POSICIONAMIENTO.','18'),
('1','LAMPARA CIALITICA DE TECHO','CON BRAZO  ARTICULADO  QUE  PERMITA  SU AJUSTE VERTICAL.','19'),
('1','LAMPARA CIALITICA DE TECHO','INCLUYE  MONTAJE,  INSTALACION Y  PRUEBA  DE  FUNCIONAMIENTO DEL EQUIPO.','20'),
('2','LAMPARA CIALITICA DE TECHO','UN (01)  JUEGO  DE  BULBOS  DE  CARACTERÍSTICAS  SIMILARES  (EQUIVALENTE AL NUMERO  DE','1'),
('2','LAMPARA CIALITICA DE TECHO','BOMBILLAS  UTILIZADO  POR EL EQUIPO PARA  SISTEMAS HALÓGENOS).','2'),
('2','LAMPARA CIALITICA DE TECHO','UN (01)  MANGO DE  ORIENTACIÓN  DE  REEMPLAZO, ESTERILIZABLE.','3'),
('3','LAMPARA CIALITICA DE TECHO','VOLTAJE  DE  ALIMENTACIÓN 220 VAC /  60 Hz.','1'),
('1','LAMPARA DE LUZ HALOGENA','DISEÑADO  Y  FABRICADO  EN  ESTRUCTURA  SÓLIDA   ALTAMENTE  RESISTENTE   Y  DURABLE,','1'),
('1','LAMPARA DE LUZ HALOGENA','MONTADA SOBRE UNA BASE  RODABLE.','2'),
('1','LAMPARA DE LUZ HALOGENA','CUERPO LUMINOSO DE FÁCIL LIMPIEZA Y  DESINFECCIÓN.','3'),
('1','LAMPARA DE LUZ HALOGENA','ILUMINACIÓN DE 70,000 LUX O MAS','4'),
('1','LAMPARA DE LUZ HALOGENA','TEMPERATURA DE COLOR: DE 4,200 °K O  MAS','5'),
('1','LAMPARA DE LUZ HALOGENA','FUENTE DE ILUMINACIÓN CON LUZ HALÓGENA, O ARREGLO DE   LEDS.','6'),
('1','LAMPARA DE LUZ HALOGENA','SISTEMA QUE GARANTICE LUZ FRÍA EN EL CAMPO   OPERATORIO.','7'),
('1','LAMPARA DE LUZ HALOGENA','CON   SISTEMA   QUE   PERMITA   QUE   EL   COLOR   DE   LOS   TEJIDOS   ILUMINADOS,    NO    SE','8'),
('1','LAMPARA DE LUZ HALOGENA','DISTORSIONEN.','9'),
('1','LAMPARA DE LUZ HALOGENA','PROFUNDIDAD DE CAMPO MAYOR A 500  mm.','10'),
('1','LAMPARA DE LUZ HALOGENA','CON CONTROL DE INTENSIDAD DE LUZ Y DE  ENFOQUE.','11'),
('1','LAMPARA DE LUZ HALOGENA','SISTEMA  AUTOMÁTICO  DE  RECAMBIO  DE  FUENTE  LUMINOSA   EN  CASO  DE   EMERGENCIA,','12'),
('1','LAMPARA DE LUZ HALOGENA','(SOLO SI EL BULBO ES CON LUZ HALÓGENA).','13'),
('1','LAMPARA DE LUZ HALOGENA','SISTEMA MECÁNICO O EQUIVALENTE, QUE PERMITA LA REGULACIÓN DE   ALTURA','14'),
('1','LAMPARA DE LUZ HALOGENA','CON ASA O MANGO, DESMONTABLE Y ESTERILIZABLE, PARA DIRIGIR EL   HAZ LUMINOSO.','15'),
('1','LAMPARA DE LUZ HALOGENA','LA  BASE RODABLE  DEL EQUIPO,  DEBE  TENER UN DISEÑO  QUE PERMITA LA DEAMBULACIÓN','16'),
('1','LAMPARA DE LUZ HALOGENA','FÁCIL   Y   SEGURA   DE   LOS   CIRUJANOS,   TENDRÁ   SISTEMA   DE   RUEDAS,   CON    FRENOS','17'),
('1','LAMPARA DE LUZ HALOGENA','DISEÑADA  PARA  SUPERFICIE  DE  QUIRÓFANO.  CON  CABLE DE  CONEXIÓN NO  MENOR A  3 m','18'),
('1','LAMPARA DE LUZ HALOGENA','DE LONGITUD.','19'),
('1','LAMPARA DE LUZ HALOGENA','ESTABILIDAD  DE   POSICIÓN  SIN  IMPORTAR  LA  ANGULACIÓN,   ARTICULACIONES   SUAVES  Y','20'),
('1','LAMPARA DE LUZ HALOGENA','FLEXIBLES  DE RÁPIDO POSICIONAMIENTO.  RADIO DE GIRO DEL CUERPO LUMINOSO  MAYOR  O','21'),
('1','LAMPARA DE LUZ HALOGENA','IGUAL A 90° .','22'),
('2','LAMPARA DE LUZ HALOGENA','INCLUIR UN (01) JUEGO DE  ELEMENTOS  DE  ILUMINACIÓN DE  REPUESTO,  SEGÚN  EL  EQUIPO','1'),
('2','LAMPARA DE LUZ HALOGENA','OFERTADO.','2'),
('3','LAMPARA DE LUZ HALOGENA','VOLTAJE DE ALIMENTACIÓN 220 VAC / 60  Hz.','1'),
('3','LAMPARA DE LUZ HALOGENA','CON   SISTEMA   DE   BATERÍAS   RECARGABLES,   CON   CARGADOR   INCORPORADAS   EN  EL','2'),
('3','LAMPARA DE LUZ HALOGENA','EQUIPO, QUE BRINDE AUTONOMÍA DE DOS (02) HORAS   MÍNIMO.','3'),
('1','MESA DE OPERACIONES','RIELES LATERALES DE ACERO INOXIDABLE PARA ACOPLAMIENTO DE  ACCESORIOS.','1'),
('1','MESA DE OPERACIONES','ACCIONAMIENTO  ELECTROMECÁNICO.','2'),
('1','MESA DE OPERACIONES','CONTROL DE ACCIONAMIENTO UBICADO EN LA BASE O COLUMNA COMO   MÍNIMO.','3'),
('1','MESA DE OPERACIONES','RODABLE DE FÁCIL DESPLAZAMIENTO, CON SISTEMA DE  FRENADO.','4'),
('1','MESA DE OPERACIONES','SUPERFICIE DE LA MESA TRANSPARENTE A LOS RAYOS   X.','5'),
('1','MESA DE OPERACIONES','CON  RIELES  O  DISPOSITIVOS  DE  ELEVACIÓN  DE  LOS   COLCHONES  PARA  INTRODUCIR    EL','6'),
('1','MESA DE OPERACIONES','PORTA CHASIS DE PLACAS   RADIOGRÁFICAS.','7'),
('1','MESA DE OPERACIONES','FACILIDAD PARA EL USO DE INTENSIFICADOR DE   IMÁGENES.','8'),
('1','MESA DE OPERACIONES','PLACA   APOYA   PIERNAS   DIVIDIDA   EN   DOS   (02)   PIEZAS   (UNA   PARA  CADA   PIERNA CON','9'),
('1','MESA DE OPERACIONES','ANGULACIÓN DE SEPARACIÓN).','10'),
('1','MESA DE OPERACIONES','PARA ORIENTACIÓN DE PACIENTE: NORMAL E  INVERSA.','11'),
('1','MESA DE OPERACIONES','FUNCIÓN DE ANULACIÓN DE INCLINACIONES  O PUESTA  HORIZONTAL.','12'),
('1','MESA DE OPERACIONES','CONTROL  DE MOVIMIENTOS','13'),
('1','MESA DE OPERACIONES','TRENDELEMBURG 25° Ó MAS.','14'),
('1','MESA DE OPERACIONES','TRENDELEMBURG INVERSA 25° Ó  MAS.','15'),
('1','MESA DE OPERACIONES','SECCIÓN ESPALDA HACIA  ABAJO 25° Ó MAS.','16'),
('1','MESA DE OPERACIONES','SECCIÓN ESPALDA HACIA  ARRIBA 60° Ó  MAS.','17'),
('1','MESA DE OPERACIONES','INCLINACIONES  LATERALES 18° Ó MAS.','18'),
('1','MESA DE OPERACIONES','SECCIÓN PIERNAS HACIA ABAJO 90° Ó  MAS.','19'),
('1','MESA DE OPERACIONES','SECCIÓN PIERNAS HACIA ARRIBA 15° Ó  MAS.','20'),
('1','MESA DE OPERACIONES','MOVIMIENTO ASCENDENTE HASTA 960mm COMO MÍNIMO RESPECTO AL   SUELO.','21'),
('1','MESA DE OPERACIONES','MOVIMIENTO DESCENDENTE HASTA 760mm O MENOS RESPECTO AL   SUELO.','22'),
('2','MESA DE OPERACIONES','ARCO PARA ANESTESIA CON BARRAS DE EXTENSIÓN LATERAL CON FIJADOR A RIEL   LATERAL','1'),
('2','MESA DE OPERACIONES','(UNA UNIDAD).','2'),
('2','MESA DE OPERACIONES','APOYA BRAZO, CON ALMOHADILLAS Y CORREA DE FIJACIÓN (DOS    UNIDADES).','3'),
('2','MESA DE OPERACIONES','APOYA   BRAZO   DE   ALTURA   AJUSTABLE,   PARA   POSICIÓN   EN  DE  CUBITO   LATERAL  CON','4'),
('2','MESA DE OPERACIONES','CORREA Y FIJADOR AL RIEL LATERAL (UNA   UNIDAD).','5'),
('2','MESA DE OPERACIONES','SOPORTE LATERAL ACOLCHADO CON FIJADOR AL RIEL LATERAL (UN  PAR).','6'),
('2','MESA DE OPERACIONES','PIERNERAS   DE   GOEPEL   ACOLCHADO,   CON   CORREA   DE   FIJACIÓN,   CON  ARTICULACIÓN','7'),
('2','MESA DE OPERACIONES','ESFÉRICA Y FIJADORES A LOS RIELES LATERALES (UN  PAR).','8'),
('2','MESA DE OPERACIONES','FIJADOR RADIAL (GIRATORIO) CON TORNILLO DE FIJACIÓN AL RIEL LATERAL (DOS    UNIDADES).','9'),
('2','MESA DE OPERACIONES','PORTA  CHASIS  PARA PLACAS RADIOGRÁFICAS  (UNA UNIDAD).','10'),
('2','MESA DE OPERACIONES','COLCHONETAS LAVABLES Y TRANSPARENTES A LOS RAYOS X (UN JUEGO   COMPLETO).','11'),
('2','MESA DE OPERACIONES','CINTURÓN DE FIJACIÓN PARA EL PACIENTE (UNA   UNIDAD).','12'),
('2','MESA DE OPERACIONES','CABECERA DESMONTABLE (UNA  UNIDAD).','13'),
('2','MESA DE OPERACIONES','PLACA (S) APOYA PIES PARA POSICIÓN TRENDELEMBURG   INVERSA.','14'),
('2','MESA DE OPERACIONES','MUÑEQUERAS:   UN   PAR   PARA   RIELES   LATERALES   Y   UNA   PARA   SOPORTE-ARCO    DE','15'),
('2','MESA DE OPERACIONES','ANESTESIA.','16'),
('2','MESA DE OPERACIONES','APOYA CABEZA CON SISTEMA DE  FIJACIÓN ARTICULABLE  (UNA  UNIDAD).','17'),
('2','MESA DE OPERACIONES','PORTASUERO TELESCÓPICO MÚLTIPLE  (UNA  UNIDAD).','18'),
('2','MESA DE OPERACIONES','APOYA HOMBRO CON FIJADOR AL RIEL LATERAL (UN  PAR).','19'),
('3','MESA DE OPERACIONES','VOLTAJE DE ALIMENTACIÓN 220 VAC / 60  Hz.','1'),
('1','MESA DE PARTOS','MESA  DE  DOS  (02)  DIVISIONES,  FABRICADA  EN  ESTRUCTURA   DE  ACERO  INOXIDABLE,   DE','1'),
('1','MESA DE PARTOS','ALTA  RESISTENCIA  A LA CORROSIÓN,  PARA TRABAJO PESADO.','2'),
('1','MESA DE PARTOS','MONTADA  SOBRE  ESTRUCTURA   RODABLE  DE  FÁCIL  DESPLAZAMIENTO  CON  SISTEMA   DE','3'),
('1','MESA DE PARTOS','FRENADO.','4'),
('1','MESA DE PARTOS','CON SISTEMA  HIDRÁULICO  PARA  REGULACIÓN DE ALTURA.','5'),
('1','MESA DE PARTOS','SECCIÓN  DE   RESPALDO  RECLINABLE,   CON  REGULACIÓN   MECÁNICA   DE   INCLINACIÓN EN','6'),
('1','MESA DE PARTOS','CONTINUO,   DESDE   LA  POSICIÓN  DE   DECÚBITO   HASTA   POSICIÓN  SEMI  SENTADA   DE  75','7'),
('1','MESA DE PARTOS','GRADOS O MÁS','8'),
('1','MESA DE PARTOS','SECCIÓN  FIJA  CON ESCOTADURA  CENTRAL  PARA  EXPOSICIÓN  DEL PERINÉ  Y  DOTADA  CON','9'),
('1','MESA DE PARTOS','UN RECEPTÁCULO DESMONTABLE FABRICADO EN ACERO INOXIDABLE  DE  UNA  SOLA  PIEZA.','10'),
('1','MESA DE PARTOS','CON RIELES LATERALES DE  ACERO INOXIDABLE.','11'),
('1','MESA DE PARTOS','COMANDOS DE  CONTROL MECÁNICO PARA MOVIMIENTOS  DE  LA MESA, DE  FÁCIL  ACCESO.','12'),
('1','MESA DE PARTOS','SOPORTE  DE  LA  BASE, CON ALTA ESTABILIDAD.','13'),
('1','MESA DE PARTOS','COLCHONETA  CON DOS  (02) DIVISIONES,  FORRADA  EN  MATERIAL SINTÉTICO  RESISTENTE AL','14'),
('1','MESA DE PARTOS','USO,  LAVADO Y DESINFECCIÓN.','15'),
('2','MESA DE PARTOS','DOS  (02)    PIERNERAS  TIPO   GOEPEL  O  EQUIVALENTE,  CON   SUJETADORES   REGULABLES','1'),
('2','MESA DE PARTOS','PARA ALTURA.','2'),
('2','MESA DE PARTOS','UN (01) APOYA BRAZO CON  ALMOHADILLA.','3'),
('2','MESA DE PARTOS','UNA  (01) PIEZA  DE  SUJECIÓN GIRATORIA.','4'),
('2','MESA DE PARTOS','UN (01) JUEGO DE  APOYOS PARA  TALÓN.','5'),
('2','MESA DE PARTOS','DOS  (02)   ASAS MUÑEQUERAS.','6'),
('2','MESA DE PARTOS','UN (01) APOYA PIERNAS  DESMONTABLE.','7'),
('2','MESA DE PARTOS','UN (01)   PORTASUERO CROMADO.','8'),
('1','MICROSCOPIO BINOCULAR','CON CUATRO  (04) OBJETIVOS  ACROMÁTICOS:  4/0.1, 10/0.25, 40/0.65 (RETRÁCTIL)  Y  100/1.25','1'),
('1','MICROSCOPIO BINOCULAR','(ACEITE DE INMERSIÓN, RETRÁCTIL).','2'),
('1','MICROSCOPIO BINOCULAR','COMPONENTES ÓPTICOS CON TRATAMIENTO FUNGICIDA O ANTIMOHO.','3'),
('1','MICROSCOPIO BINOCULAR','ÓPTICA CON SISTEMA DE CORRECCIÓN AL INFINITO.','4'),
('1','MICROSCOPIO BINOCULAR','CON SISTEMA REVOLVER PARA (04) OBJETIVOS.','5'),
('1','MICROSCOPIO BINOCULAR','CON DOS (02) OCULARES DE CAMPO ANCHO APROX. 10X Y/O 15X.','6'),
('1','MICROSCOPIO BINOCULAR','AJUSTE DE DIOPTRÍAS EN  AL MENOS UNO DE LOS OCULARES.','7'),
('1','MICROSCOPIO BINOCULAR','PLATINA CON MOVIMIENTO X-Y, CON ESCALA GRADUADA (VERNIER).','8'),
('1','MICROSCOPIO BINOCULAR','CON CONDENSADOR DE LUZ MOVIBLE.','9'),
('1','MICROSCOPIO BINOCULAR','DISTANCIA INTERPUPILAR AJUSTABLE.','10'),
('1','MICROSCOPIO BINOCULAR','AJUSTE DE ENFOQUE COAXIAL GRUESO Y FINO.','11'),
('1','MICROSCOPIO BINOCULAR','FUENTE DE ILUMINACION INTEGRADA (NO EXTERNA) CON BRILLO AJUSTABLE.','12'),
('1','MICROSCOPIO BINOCULAR','CON DIAFRAGMA DE CAMPO Y FILTRO.','13'),
('1','MICROSCOPIO BINOCULAR','SISTEMA DE ILUMINACION KOHLER','14'),
('2','MICROSCOPIO BINOCULAR','DOS (02) FUSIBLES DE REPUESTO.','1'),
('2','MICROSCOPIO BINOCULAR','DOS (02) LÁMPARAS DE REPUESTO.','2'),
('2','MICROSCOPIO BINOCULAR','UN (01) JUEGO DE FILTROS: AMARILLO, VERDE Y AZUL.','3'),
('2','MICROSCOPIO BINOCULAR','UNA (01) FUNDA DE PROTECCIÓN PARA EL EQUIPO.','4'),
('3','MICROSCOPIO BINOCULAR','VOLTAJE DE ALIMENTACIÓN DE 220 VAC, 60 Hz.','1'),
('1','MONITOR FETAL','UNIDAD DE  SOBREMESA  PARA GEMELOS.','1'),
('1','MONITOR FETAL','CAPACIDAD  PARA  REGISTRAR  LAS  CONTRACCIONES  UTERINAS,  MOVIMIENTOS  FETALES   Y','2'),
('1','MONITOR FETAL','FRECUENCIAS  CARDIACA FETAL.','3'),
('1','MONITOR FETAL','PANTALLA DIGITAL Y/0 GRAFICA  PARA VISUALIZACION   DE  PARAMETROS  FISIOLOGICOS.','4'),
('1','MONITOR FETAL','SISTEMA  DE  IMPRESIÓN TERMICA  DE  FRECUENCIA FETAL,  PRESION UTERINA  Y MARCADOR','5'),
('1','MONITOR FETAL','DE EVENTO.','6'),
('1','MONITOR FETAL','PARLANTE(S) INCORPORADOS.','7'),
('2','MONITOR FETAL','DOS  (02) TRANSDUCTORES  ULTRASONICOS DOPPLER.','1'),
('2','MONITOR FETAL','UN (01) TRANSDUCTOR (TOCOTRANSDUCTOR) PARA  PRESION  UTERINA.','2'),
('2','MONITOR FETAL','UN (01) CABLE   CON PULSADOR PARA MARCAR  EVENTOS.','3'),
('2','MONITOR FETAL','DOS  (02) FRASCOS  DE  GEL CONDUCTOR PARA  ULTRASONIDO DE DIAGNOSTICO.','4'),
('2','MONITOR FETAL','TRES  (03) CORREAS  DE  SUJECION PARA  TRANSDUCTORES CARDIO-TOCO','5'),
('3','MONITOR FETAL','VOLTAJE  DE  ALIMENTACIÓN 220VAC / 60 Hz.','1'),
('9','MONITOR FETAL','RANGO DE FRECUENCIA  CARDIACA  DESDE 50 bpm O MENOS A 210 bpm O   MAS.','1'),
('9','MONITOR FETAL','RANGO PRESION INTRAUTERINA  DE  0 a 99 UNIDADES  Ó MAYOR.','2'),
('9','MONITOR FETAL','INDICADOR DE  ALARMAS  DE  TAQUICARDIA  Y BRAQUICARDIA.','3'),
('9','MONITOR FETAL','VELOCIDAD DE IMPRESIÓN DE 1, 2 Y 3  cm/m.','4'),
('9','MONITOR FETAL','POTENCIA  EMITIDA  MENOR Ó IGUAL A   10  mW/cm2.','5'),
('1','MONITOR MULTIPARAMETROS','DE   PARÁMETROS    PRE-CONFIGURADOS    Ó   MODULARES   (MONITOR   Y   MÓDULOS   DE  LA','1'),
('1','MONITOR MULTIPARAMETROS','MISMA MARCA)','2'),
('1','MONITOR MULTIPARAMETROS','FUNCIONAMIENTO SIMULTÁNEO DE TODOS LOS PARÁMETROS SOLICITADOS:','3'),
('1','MONITOR MULTIPARAMETROS','ELECTROCARDIOGRAMA, FRECUENCIA     RESPIRATORIA, SATURACIÓN DE    OXÍGENO,','4'),
('1','MONITOR MULTIPARAMETROS','PRESIÓN NO INVASIVA Y TEMPERATURA,   INCLUYENDO   EL  REGISTRADOR.','5'),
('1','MONITOR MULTIPARAMETROS','CAPACIDAD DE ALMACENAMIENTO DE DATOS  MÍNIMO 24 HORAS: EVENTOS y   TENDENCIAS.','6'),
('2','MONITOR MULTIPARAMETROS','(LOS   CABLES   Y  SENSORES   DEBEN   TENER   LAS  DIMENSIONES   SUFICIENTES   PARA QUE','1'),
('2','MONITOR MULTIPARAMETROS','ALCANCEN  DESDE   EL RACK DE PARED HASTA LA CAMA DE   PACIENTE).','2'),
('2','MONITOR MULTIPARAMETROS','UN (01) RACK DE  PARED QUE  SOPORTE  TODO EL EQUIPO.','3'),
('2','MONITOR MULTIPARAMETROS','UN (01) CABLE TRONCAL DE  ECG   CON   03 CABLES-RAMALES NEONATALES.','4'),
('2','MONITOR MULTIPARAMETROS','UN   (01)   CABLE   TRONCAL    DE  ECG  DE  CINCO   (05)  RAMALES,   CON    CINCO   (05)  CABLES-','5'),
('2','MONITOR MULTIPARAMETROS','RAMALES ADULTO.','6'),
('2','MONITOR MULTIPARAMETROS','PULSIOXIMETRÍA:  COMO  MÍNIMO  TRES  (03)  SENSORES   REUSABLES:  UNO (01)  ADULTO, UNO','7'),
('2','MONITOR MULTIPARAMETROS','(01) PEDIÁTRICO Y UN (01) NEONATAL   CON CABLE-CONECTOR   AL EQUIPO  .','8'),
('2','MONITOR MULTIPARAMETROS','PRESIÓN    NO    INVASIVA:   COMO   MÍNIMO   TRES   (03)   BRAZALETES   REUSABLE:   UNO   (01)','9'),
('2','MONITOR MULTIPARAMETROS','ADULTO,  UNO (01) PEDIÁTRICO Y  UNO (01) NEONATAL,  CON TUBO-CONECTOR AL  EQUIPO.','10'),
('2','MONITOR MULTIPARAMETROS','DOS  (02)  SENSORES  DE  TEMPERATURA:  UNO  (01)  TAMAÑO  ADULTO  Y  UNO  (01)    TAMAÑO','11'),
('2','MONITOR MULTIPARAMETROS','NEONATAL CON CABLE-CONECTOR   AL EQUIPO.','12'),
('2','MONITOR MULTIPARAMETROS','DIEZ (10) ROLLOS  O PAQUETES DE  PAPEL TERMOSENSIBLE PARA  REGISTRADOR.','13'),
('2','MONITOR MULTIPARAMETROS','CIEN  (100)  ELECTRODOS    DESCARTABLES   DE  ECG  TIPO  BROCHE  PARA  PIEL,   CINCUENTA','14'),
('2','MONITOR MULTIPARAMETROS','(50) ADULTO Y CINCUENTA  (50)  NEONATAL','15'),
('2','MONITOR MULTIPARAMETROS','UN (01)  ESTABILIZADOR   DE  VOLTAJE  DE  ESTADO SÓLIDO  (SIN RELÉ)  CON LÍNEA  A   TIERRA,','16'),
('2','MONITOR MULTIPARAMETROS','VARIACIÓN DEL  VOLTAJE DE  SALIDA MENOR Ó IGUAL  A +/  - 3,5%  Y POTENCIA  SUPERIOR EN','17'),
('2','MONITOR MULTIPARAMETROS','25%  Ó MAS DE LA POTENCIA  NOMINAL DEL EQUIPO.','18'),
('3','MONITOR MULTIPARAMETROS','VOLTAJE  DE  ALIMENTACIÓN 220 VAC / 60Hz.','1'),
('3','MONITOR MULTIPARAMETROS','BATERIA(S)  RECARGABLE(S)  INTEGRADA(S),  NO  EXTERNA(S),  CON  CARGADOR   INTEGRADO','2'),
('3','MONITOR MULTIPARAMETROS','AL EQUIPO; AUTONOMÍA  MÍNIMA:  DOS  (02) HORAS EN MONITOREO.','3'),
('9','MONITOR MULTIPARAMETROS','PANTALLA','1'),
('9','MONITOR MULTIPARAMETROS','TIPO LCD A  COLOR','2'),
('9','MONITOR MULTIPARAMETROS','TAMAÑO :   10" DIAGONAL Ó MAS.','3'),
('9','MONITOR MULTIPARAMETROS','RESOLUCIÓN   : 640 X 480 PÍXELES  Ó MAS','4'),
('9','MONITOR MULTIPARAMETROS','GRAFICA DE CUATRO (04) ONDAS SIMULTANEAS   COMO  MÍNIMO','5'),
('9','MONITOR MULTIPARAMETROS','ELECTROCARDIOGRAMA  (ECG)','6'),
('9','MONITOR MULTIPARAMETROS','GRAFICA  DE  DOS  (02) ONDAS COMO MÍNIMO Y VISUALIZACIÓN   DIGITAL DEL VALOR  MEDIDO.','7'),
('9','MONITOR MULTIPARAMETROS','RANGO DE  FRECUENCIA  CARDIACA:  30 A 250 LATIDOS  POR MINUTO Ó MAS AMPLIO.','8'),
('9','MONITOR MULTIPARAMETROS','SELECCIÓN ENTRE SIETE (07) DERIVADAS    Ó MAS : I, II,  III,  AVR, AVL, AVF, V   .','9'),
('9','MONITOR MULTIPARAMETROS','DETECCIÓN DE  OCHO (08) TIPOS  DE  ARRITMIA  O MAS','10'),
('9','MONITOR MULTIPARAMETROS','SELECCIÓN DE  ALARMA: LIMITE  SUPERIOR E INFERIOR DE  LA FRECUENCIA   CARDIACA.','11'),
('9','MONITOR MULTIPARAMETROS','DETECCIÓN O RECHAZO  DEL PULSO DEL  MARCAPASOS.','12'),
('9','MONITOR MULTIPARAMETROS','FRECUENCIA   RESPIRATORIA','13'),
('9','MONITOR MULTIPARAMETROS','GRAFICA  DE  ONDA  Y VISUALIZACIÓN   DIGITAL DEL VALOR MEDIDO EN PANTALLA','14'),
('9','MONITOR MULTIPARAMETROS','FRECUENCIA   RESPIRATORIA   A TRAVÉS DE CABLE ECG (MÉTODO DE   IMPEDANCIA).','15'),
('9','MONITOR MULTIPARAMETROS','RANGO : 5 A 120 RESP/MINUTO Ó  MAYOR.','16'),
('9','MONITOR MULTIPARAMETROS','SELECCIÓN DE  ALARMA PARA LIMITE  SUPERIOR E INFERIOR.','17'),
('9','MONITOR MULTIPARAMETROS','ALARMA  DE APNEA.','18'),
('9','MONITOR MULTIPARAMETROS','SATURACIÓN   DE OXÍGENO (SPO2)','19'),
('9','MONITOR MULTIPARAMETROS','GRAFICA DE ONDA PLETISMOGRÁFICA   Y VISUALIZACIÓN    DIGITAL   DEL  VALOR   MEDIDO.','20'),
('9','MONITOR MULTIPARAMETROS','RANGO DE LA SATURACIÓN DE OXÍGENO : 50 A 99 %    Ó MAS AMPLIO.','21'),
('9','MONITOR MULTIPARAMETROS','RANGO DEL PULSO CARDIACO MEDIANTE  PULSIOXIMETRÍA:  30 A 220 BPM Ó MAS   AMPLIO.','22'),
('9','MONITOR MULTIPARAMETROS','SELECCIÓN DE  ALARMA PARA LIMITE  SUPERIOR E INFERIOR.','23'),
('9','MONITOR MULTIPARAMETROS','PRESIÓN SANGUÍNEA NO  INVASIVA','24'),
('9','MONITOR MULTIPARAMETROS','VISUALIZACIÓN DIGITAL DEL VALOR MEDIDO EN PANTALLA:  SISTÓLICA,  DIASTÓLICA  Y  MEDIA.','25'),
('9','MONITOR MULTIPARAMETROS','MEDICIÓN DESDE ADULTOS  HASTA  NIÑOS  (RANGO DE  15 a 260 mmHg A MAS).','26'),
('9','MONITOR MULTIPARAMETROS','MODO MANUAL.','27'),
('9','MONITOR MULTIPARAMETROS','MODO AUTOMÁTICO  (PERIODO  DE  REPETICIÓN PROGRAMABLE).','28'),
('9','MONITOR MULTIPARAMETROS','TEMPERATURA','29'),
('9','MONITOR MULTIPARAMETROS','VISUALIZACIÓN DIGITAL  DEL VALOR MEDIDO  EN PANTALLA.','30'),
('9','MONITOR MULTIPARAMETROS','RANGO : 15 A 45 ºC Ó MAS  AMPLIO.','31'),
('9','MONITOR MULTIPARAMETROS','SELECCIÓN DE  ALARMAS PARA LIMITES  SUPERIORES E  INFERIORES.','32'),
('9','MONITOR MULTIPARAMETROS','CAPACIDAD DE  MEDIR TEMPERATURA  PARA ADULTO,  PEDIÁTRICO Y NEONATOS.','33'),
('9','MONITOR MULTIPARAMETROS','REGISTRADOR','34'),
('9','MONITOR MULTIPARAMETROS','REGISTRADOR INTEGRADO  (NO  EXTERNO)  POR ARREGLO TÉRMICO.','35'),
('9','MONITOR MULTIPARAMETROS','CAPACIDAD DE  IMPRIMIR TODO  LOS  PARÁMETROS, TENDENCIAS  Y EVENTOS.','36'),
('1','NEBULIZADOR','PORTÁTIL.','1'),
('1','NEBULIZADOR','FLUJO REGULABLE HASTA 15 L/min. COMO  MÍNIMO.','2'),
('1','NEBULIZADOR','CON CAPACIDAD DE ADMINISTRAR  MEDICAMENTOS.','3'),
('1','NEBULIZADOR','DIMENSIÓN DE  PARTÍCULAS  NEBULIZADAS  DE  0 A 5 MICRÓMETROS ó MAYOR.','4'),
('1','NEBULIZADOR','NIVEL DE RUIDO MENOR A 64  dBA','5'),
('2','NEBULIZADOR','CÁMARAS O   FRASCOS   DE    NEBULIZACIÓN:    DOS    (02)   REUSABLES   ó   CINCUENTA    (50)','1'),
('2','NEBULIZADOR','DESECHABLES.','2'),
('2','NEBULIZADOR','TUBOS  (CORRUGADOS  O LISOS): DOS   (02)   REUSABLES ó CINCUENTA  (50) DESECHABLES.','3'),
('2','NEBULIZADOR','MASCARILLAS    DE    INHALACIÓN    CON   RESERVORIO    TAMAÑO   ADULTO:    CINCUENTA   (50)','4'),
('2','NEBULIZADOR','DESECHABLES,   CON  SUS  RESPECTIVOS  TUBOS  Y  CONECTORES:  DIEZ  (10)  REUSABLES  ó','5'),
('2','NEBULIZADOR','CINCUENTA  (50) DESECHABLES.','6'),
('2','NEBULIZADOR','MASCARILLAS   DE   INHALACIÓN   CON  RESERVORIO   TAMAÑO  PEDIATRICO:   CINCUENTA  (50)','7'),
('2','NEBULIZADOR','DESECHABLES,   CON  SUS  RESPECTIVOS  TUBOS  Y  CONECTORES:  DIEZ  (10)  REUSABLES  ó','8'),
('2','NEBULIZADOR','CINCUENTA  (50) DESECHABLES.','9'),
('2','NEBULIZADOR','CINCO (05) FILTROS  DE INGRESO DE AIRE PARA EL   EQUIPO.','10'),
('3','NEBULIZADOR','VOLTAJE DE ALIMENTACIÓN 220 VAC / 60  Hz.','1'),
('1','TENSIOMETRO ANEROIDE ADULTO','TENSIÓMETRO  TIPO RELOJ CON MANÓMETRO,  PERILLA DE  INSUFLACIÓN Y  BRAZALETE  DE','1'),
('1','TENSIOMETRO ANEROIDE ADULTO','DOS VÍAS, ARMABLES E INDEPENDIENTES UNA DE  OTRA.','2'),
('1','TENSIOMETRO ANEROIDE ADULTO','MANÓMETRO CON CARCASA  METÁLICA  PROTEGIDO  CONTRA  LA  CORROSIÓN  Y PANTALLA','3'),
('1','TENSIOMETRO ANEROIDE ADULTO','DE VISUALIZACIÓN TRANSPARENTE.','4'),
('1','TENSIOMETRO ANEROIDE ADULTO','DIÁMETRO DE PANTALLA CON ESCALA DE LECTURA LEGIBLE NO MENOR A 48mm.','5'),
('1','TENSIOMETRO ANEROIDE ADULTO','MEMBRANA DE MANÓMETRO RESISTENTE A SOBREPRESIONES','6'),
('1','TENSIOMETRO ANEROIDE ADULTO','PERILLA DE  GOMA ó LÁTEX DE  INSUFLADO SUAVE, RESISTENTE  AL USO  FRECUENTE,  CON','7'),
('1','TENSIOMETRO ANEROIDE ADULTO','VÁLVULA    TIPO    ROSCA   CROMADA, DE    FÁCIL    MANEJO,    QUE    PERMITA    REGULAR','8'),
('1','TENSIOMETRO ANEROIDE ADULTO','ADECUADAMENTE LA PRESIÓN CONTENIDA EN LA BOLSA DE INSUFLACIÓN.','9'),
('1','TENSIOMETRO ANEROIDE ADULTO','BRAZALETE  DE  TELA  CON  SISTEMA  DE  FIJACIÓN  TIPO  VELCRO, FÁCILMENTE  LAVABLES Y','10'),
('1','TENSIOMETRO ANEROIDE ADULTO','RESISTENTES AL USO FRECUENTE.','11'),
('2','TENSIOMETRO ANEROIDE ADULTO','UN (01) BRAZALETE DE DOS VÍAS TAMAÑO ADULTO DE REPUESTO.','1'),
('2','TENSIOMETRO ANEROIDE ADULTO','UNA (01) PERILLA CON VÁLVULA.','2'),
('2','TENSIOMETRO ANEROIDE ADULTO','UN  (01)  ESTUCHE  DE  MATERIAL  SINTÉTICO,  SEMI  RÍGIDO,  ALTAMENTE  RESISTENTE  A  LA','3'),
('2','TENSIOMETRO ANEROIDE ADULTO','LIMPIEZA Y DESINFECCIÓN, Y QUE PROTEJA AL EQUIPO CONTRA  GOLPES.','4'),
('9','TENSIOMETRO ANEROIDE ADULTO','RANGO DE MEDIDA DE 0 A 300 mmHg ó MAS','1'),
('9','TENSIOMETRO ANEROIDE ADULTO','RESOLUCIÓN: DE 5 mmHg ó MENOS','2'),
('1','TENSIOMETRO ANEROIDE PEDIATRICO','TENSIÓMETRO  TIPO RELOJ CON MANÓMETRO,  PERILLA DE  INSUFLACIÓN Y  BRAZALETE  DE','1'),
('1','TENSIOMETRO ANEROIDE PEDIATRICO','DOS VÍAS, ARMABLES E INDEPENDIENTES UNA DE  OTRA.','2'),
('1','TENSIOMETRO ANEROIDE PEDIATRICO','MANÓMETRO CON CARCASA  METÁLICA  PROTEGIDO  CONTRA  LA  CORROSIÓN  Y PANTALLA','3'),
('1','TENSIOMETRO ANEROIDE PEDIATRICO','DE VISUALIZACIÓN TRANSPARENTE.','4'),
('1','TENSIOMETRO ANEROIDE PEDIATRICO','DIÁMETRO DE PANTALLA CON ESCALA DE LECTURA LEGIBLE NO MENOR A 48 mm.','5'),
('1','TENSIOMETRO ANEROIDE PEDIATRICO','MEMBRANA DE MANÓMETRO RESISTENTE A SOBRE PRESIONES.','6'),
('1','TENSIOMETRO ANEROIDE PEDIATRICO','PERILLA DE  GOMA Ó LÁTEX DE  INSUFLADO SUAVE, RESISTENTE  AL USO FRECUENTE,  CON','7'),
('1','TENSIOMETRO ANEROIDE PEDIATRICO','VÁLVULA    TIPO    ROSCA   CROMADA, DE    FÁCIL    MANEJO,    QUE    PERMITA    REGULAR','8'),
('1','TENSIOMETRO ANEROIDE PEDIATRICO','ADECUADAMENTE LA PRESIÓN CONTENIDA EN LA BOLSA DE INSUFLACIÓN','9'),
('1','TENSIOMETRO ANEROIDE PEDIATRICO','BRAZALETE  DE  TELA  CON  SISTEMA  DE  FIJACIÓN  TIPO  VELCRO, FÁCILMENTE  LAVABLES Y','10'),
('1','TENSIOMETRO ANEROIDE PEDIATRICO','RESISTENTES AL USO FRECUENTE.','11'),
('2','TENSIOMETRO ANEROIDE PEDIATRICO','UN (01) BRAZALETE DE DOS VÍAS TAMAÑO PEDIÁTRICO DE REPUESTO.','1'),
('2','TENSIOMETRO ANEROIDE PEDIATRICO','UNA (01) PERILLA CON VÁLVULA.','2'),
('2','TENSIOMETRO ANEROIDE PEDIATRICO','UN  (01)  ESTUCHE  DE  MATERIAL  SINTÉTICO,  SEMI  RÍGIDO,  ALTAMENTE  RESISTENTE  A  LA','3'),
('2','TENSIOMETRO ANEROIDE PEDIATRICO','LIMPIEZA Y DESINFECCIÓN Y QUE PROTEJA AL EQUIPO CONTRA  GOLPES.','4'),
('9','TENSIOMETRO ANEROIDE PEDIATRICO','RANGO DE MEDIDA DE 0 A 300 mmHg ó MAS','1'),
('9','TENSIOMETRO ANEROIDE PEDIATRICO','RESOLUCIÓN: DE 5 mmHg ó MENOS','2'),
('1','UNIDAD DE ANESTESIA','SISTEMA INTEGRADO.','1'),
('1','UNIDAD DE ANESTESIA','UNIDAD RODABLE DE FÁCIL DESPLAZAMIENTO CON  FRENOS.','2'),
('1','UNIDAD DE ANESTESIA','CONSOLA  CON GAVETA (S), Y PROTECCIÓN CONTRA  DERRAME DE   LÍQUIDOS','3'),
('2','UNIDAD DE ANESTESIA','CIRCUITOS  COMPLETOS PARA ANESTESIA REUSABLES:  DOS  (O2)  JUEGOS  PARA  ADULTOS Y','1'),
('2','UNIDAD DE ANESTESIA','DOS  (02)  JUEGOS  PEDIÁTRICOS.  CADA  CIRCUITO  ESTA  CONFORMADO  COMO  MÍNIMO  POR:','2'),
('2','UNIDAD DE ANESTESIA','CORRUGADOS,  BOLSA PARA VENTILACIÓN MANUAL,  CODO Y CONECTOR TIPO   "Y".','3'),
('2','UNIDAD DE ANESTESIA','DOS    (02)   JUEGOS    COMPLETOS   DE    MASCARAS   TRANSPARENTES    REUSABLES   PARA ANESTESIA, DE JEBE, ANATÓMICA Y TAMAÑOS No. 0, 1, 2, 3, 4, 5.','4'),
('2','UNIDAD DE ANESTESIA','DOS  (02) JUEGOS  ADICIONALES  DE  CANÍSTER PARA REPUESTO (REUSABLES).','5'),
('2','UNIDAD DE ANESTESIA','UN (01) CABLE  DE  PACIENTE  DE  TRES  (03) ELECTRODOS  Y UN (01) CABLE  DE  PACIENTE   DE','6'),
('2','UNIDAD DE ANESTESIA','CINCO (05) ELECTRODOS,  CADA UNO CON SUS RESPECTIVOS CABLES DE    EXTENSIÓN.','7'),
('2','UNIDAD DE ANESTESIA','SEIS  (06)  BRAZALETES  PARA  PRESIÓN  NO  INVASIVA  TRES  (03)  PARA  ADULTOS,  DOS   (02) PEDIÁTRICOS  Y  UNO  (01) PARA  NEONATOS;  CADA  PAR CON  SUS  RESPECTIVOS  TUBOS DE CONEXIÓN.','8'),
('2','UNIDAD DE ANESTESIA','ACCESORIOS  PARA LA MEDICIÓN DE  VOLUMEN TIDAL:  SI EL EQUIPO  TIENE  EL  SENSOR    DE','9'),
('2','UNIDAD DE ANESTESIA','FLUJO  PROXIMAL  AL  CONECTOR  TIPO  "Y",  DOS  (02)  JUEGOS  DE  LA  PARTE  REUSABLE     Y','10'),
('2','UNIDAD DE ANESTESIA','CINCO (05) JUEGOS  DE  LA PARTE  DESCARTABLE, Ó UN (01) JUEGO REUSABLE SI EL   SENSOR ESTA UBICADO EN LA RAMA  ESPIRATORIA','11'),
('2','UNIDAD DE ANESTESIA','DOS  (02) TRANSDUCTORES  DE  TEMPERATURA  PARA MEDICIÓN ESOFÁGICA/RECTAL.','12'),
('2','UNIDAD DE ANESTESIA','SEIS  (06)  JUEGOS  DE  TRANSDUCTORES  PARA  PULSIOXIMETRÍA:   TRES  (03)  PARA ADULTOS,','13'),
('2','UNIDAD DE ANESTESIA','DOS  (02)   PEDIÁTRICOS  Y  UNO  (01)  PARA  NEONATOS),  CADA  PAR CON  SUS  RESPECTIVOS CABLES  DE EXTENSIÓN.','14'),
('2','UNIDAD DE ANESTESIA','MANGUERAS:  UNA  (01)  DE  OXÍGENO,    UNA  (01)   DE  OXIDO   NITROSO  Y   UNA  (01)   DE    AIRE COMPRIMIDO MEDICINAL,  CON CONECTORES  SEGÚN NORMA  DISS  DE  06 mts COMO MÍNIMO','15'),
('2','UNIDAD DE ANESTESIA','BALONES DE EMERGENCIA: UNO (01) DE OXÍGENO Y UNO (01)  DE OXIDO  NITROSO,  TIPO  E    DE ALUMINIO,  CUYOS CONECTORES  DEBEN TENER EL SISTEMA DE  SEGURIDAD TIPO PIN  INDEX.','16'),
('2','UNIDAD DE ANESTESIA','UNIDAD DE  ASPIRACIÓN DE  SECRECIONES (TIPO VENTURI).','17'),
('2','UNIDAD DE ANESTESIA','SISTEMA DE  EVACUACIÓN DE  GASES (TIPO ACTIVO).','18'),
('2','UNIDAD DE ANESTESIA','DOS  (02) ADAPTADORES DE  CARGA POR CADA VAPORIZADOR.','19'),
('2','UNIDAD DE ANESTESIA','SOPORTE  PARA CIRCUITO  PACIENTE  Y CABLES.','20'),
('2','UNIDAD DE ANESTESIA','TRES  (03) RESUCITADORES  MANUALES:  UNO  (01) ADULTO,  UNO  (01)  PEDIÁTRICO  y  UNO  (01) NEONATAL,  CON DOS  MASCARAS DE  DIFERENTES  TAMAÑOS CADA UNO.','21'),
('2','UNIDAD DE ANESTESIA','UN (01)  ESTABILIZADOR  DE  VOLTAJE  DE  ESTADO  SÓLIDO  CON  LÍNEA  A  TIERRA, VARIACIÓN DEL VOLTAJE  DE  SALIDA  MENOR O IGUAL  A  +/- 3 %  Y  POTENCIA  SUPERIOR EN 25%  O MAS DE  LA POTENCIA  NOMINAL DEL EQUIPO.','22'),
('2','UNIDAD DE ANESTESIA','DOS  (02) SET DE  ANESTESIA DE  LACTANTES  Y RECIEN NACIDOS  A CIRCUITO  ABIERTO (KUMB PEDIATRICO)','23'),
('3','UNIDAD DE ANESTESIA','VOLTAJE  DE  ALIMENTACIÓN 220 VAC / 60 Hz.','1'),
('3','UNIDAD DE ANESTESIA','BATERÍA  (S) RECARGABLE(S) CON AUTONOMÍA  MÍNIMA  DE  20 MINUTOS.','2'),
('7','UNIDAD DE ANESTESIA','SISTEMA NEUMÁTICO','1'),
('7','UNIDAD DE ANESTESIA','SUMINISTRO    DE    TRES    (03)    GASES:   OXÍGENO,    OXIDO    NITROSO    Y   AIRE  COMPRIMIDO','2'),
('7','UNIDAD DE ANESTESIA','MEDICINAL DE  RED CENTRAL Y CILINDROS  DE  EMERGENCIA (OXÍGENO  Y OXIDO  NITROSO).','3'),
('7','UNIDAD DE ANESTESIA','SISTEMA  DE  DOSIFICACIÓN DE  GASES CONTROL ELECTRÓNICO Ó CONTROL MECANICO  DE','4'),
('7','UNIDAD DE ANESTESIA','FLUJO,  QUE  GARANTICE  EL FUNCIONAMIENTO EN LOS  LUGARES DE  DESTINO FINAL.','5'),
('7','UNIDAD DE ANESTESIA','PRESIÓN  DE  ENTRADA  DE  OXÍGENO,  OXIDO  NITROSO  Y  AIRE  COMPRIMIDO  MEDICINAL  A 50 PSI.','6'),
('7','UNIDAD DE ANESTESIA','MONITOREO DE  PRESIÓN DE  RED CENTRAL DE: OXÍGENO,  OXIDO  NITROSO Y AIRE','7'),
('7','UNIDAD DE ANESTESIA','COMPRIMIDO MEDICINAL (POR MEDIO DE  MANÓMETROS O VISUALIZADOR   DIGITAL).','8'),
('7','UNIDAD DE ANESTESIA','MONITOREO  DE  PRESIÓN  DE  CILINDROS  DE  EMERGENCIA  DE:  OXÍGENO  Y  OXIDO  NITROSO','9'),
('7','UNIDAD DE ANESTESIA','SUMINISTRO DE  OXÍGENO POR FLUJO DIRECTO (FLUSH),  NO MENOR A 35   L/MIN.','10'),
('7','UNIDAD DE ANESTESIA','ALARMA DE  FALLO DE  SUMINISTRO DE OXÍGENO.','11'),
('7','UNIDAD DE ANESTESIA','SISTEMA QUE GARANTICE  UNA  CONCENTRACIÓN  MÍNIMA  ENTRE  25% Y  30% DE  OXÍGENO  EN','12'),
('7','UNIDAD DE ANESTESIA','LA MEZCLA  DE  OXÍGENO Y OXIDO  NITROSO (SISTEMA DE  GUARDA-HIPOXIA).','13'),
('7','UNIDAD DE ANESTESIA','SISTEMA ABSORBEDOR DE  DIÓXIDO  DE  CARBONO (CO2),  CAPACIDAD MÍNIMA 1Kg.','14'),
('7','UNIDAD DE ANESTESIA','SELECCIÓN DE  MODO DE  VENTILACIÓN,  MANUAL (BOLSA) Y AUTOMÁTICO  (VENTILADOR).','15'),
('7','UNIDAD DE ANESTESIA','SISTEMA DE  AJUSTE  DE  PRESIÓN LIMITE  EN MODO DE VENTILACIÓN MANUAL (APL).','16'),
('7','UNIDAD DE ANESTESIA','SISTEMA QUE ASEGURE EL USO DE UN SOLO VAPORIZADOR A LA   VEZ.','17'),
('7','UNIDAD DE ANESTESIA','VAPORIZADOR','18'),
('7','UNIDAD DE ANESTESIA','DOS  (02) VAPORIZADORES:  ISOFLUORANO, SEVOFLUORANO.','19'),
('7','UNIDAD DE ANESTESIA','FLUJO   MÍNIMO   DE   TRANSPORTE   DE   AGENTE  ANESTÉSICO  DE  0.3  L/MIN.  O  MENOS   Y/O','20'),
('7','UNIDAD DE ANESTESIA','PRECISIÓN MENOR O IGUAL A 10%  DEL VALOR  FIJADO.','21'),
('7','UNIDAD DE ANESTESIA','RANGO DE  CONCENTRACIÓN REGULABLE SEGÚN EL AGENTE   ANESTÉSICO.','22'),
('7','UNIDAD DE ANESTESIA','CON SISTEMA DE AUTOCOMPENSACIÓN DE  TEMPERATURA.','23'),
('7','UNIDAD DE ANESTESIA','CON SISTEMA DE LLENADO PARA AGENTE ANESTÉSICO   ESPECIFICO.','24'),
('7','UNIDAD DE ANESTESIA','VENTILADOR ELECTRÓNICO','25'),
('7','UNIDAD DE ANESTESIA','MODALIDADES DE  VENTILACIÓN:  CONTROL POR VOLUMEN Y CONTROL POR PRESIÓN  (PCV).','26'),
('7','UNIDAD DE ANESTESIA','CON  PROGRAMACIÓN  DIRECTA  DE  VOLUMEN TIDAL:  DE  50 ML.  O  MENOS  HASTA  1400ML. O MÁS.','27'),
('7','UNIDAD DE ANESTESIA','CON  PROGRAMACIÓN DIRECTA  DE  RELACIÓN  INSPIRACIÓN:  EXHALACIÓN  (I:E) :  DE  1:1  A 1:3 COMO MÍNIMO.','28'),
('7','UNIDAD DE ANESTESIA','CON  PROGRAMACIÓN DIRECTA  DE  LIMITE  DE  PRESIÓN DE  VÍAS  AÉREAS:  HASTA 60 cm H2O O MÁS.','29'),
('7','UNIDAD DE ANESTESIA','PROGRAMACIÓN DIRECTA  DE FRECUENCIA RESPIRATORIA HASTA 60 RESP/MINUTO Ó   MAS.','30'),
('7','UNIDAD DE ANESTESIA','PROGRAMACIÓN DIRECTA  DE PEEP HASTA 20 cm H2O ó  MAS.','31'),
('7','UNIDAD DE ANESTESIA','MONITOREO','32'),
('7','UNIDAD DE ANESTESIA','PANTALLA  LCD   COLOR  DE   8"  PULGADAS   O  MAS,  PARA  MONITORIZAR   PARÁMETROS  DE','33'),
('7','UNIDAD DE ANESTESIA','ADMINISTRACIÓN ANESTÉSICA  Y VENTILACIÓN.','34'),
('7','UNIDAD DE ANESTESIA','PANTALLA  TIPO  LCD  A  COLOR  DE  10  PULGADAS  O  MAS,  PARA  MONITORIZAR  FUNCIONES','35'),
('7','UNIDAD DE ANESTESIA','VITALES  DE   PACIENTES.   CON  CAPACIDAD   DE   VISUALIZAR   03  (TRES)   ONDAS GRAFICAS SIMULTANEAS COMO MÍNIMO.','36'),
('7','UNIDAD DE ANESTESIA','PROTEGIDO  CONTRA  EQUIPOS  DE DESFIBRILACIÓN. ','37'),
('7','UNIDAD DE ANESTESIA','ELECTROCARDIOGRAMA  (ECG),  CON VISUALIZACIÓN DE  FRECUENCIA  CARDIACA,  DETECCIÓN DE DESNIVELES ST Y CAPACIDAD DE SELECCIONAR 07 DERIVACIONES COMO   MÍNIMO.','38'),
('7','UNIDAD DE ANESTESIA',' FRECUENCIA  RESPIRATORIA A TRAVÉS DE CABLE ECG (MÉTODO DE   IMPEDANCIA).','39'),
('7','UNIDAD DE ANESTESIA','PULSIOXIMETRÍA  (SpO2),  CON  VISUALIZACIÓN  DE  ONDA  PLETISMOGRÁFICA  Y  VALOR DIGITAL DE  SATURACIÓN DE  OXÍGENO  Y FRECUENCIA  DE PULSACIONES','40'),
('7','UNIDAD DE ANESTESIA','PRESIÓN SANGUÍNEA NO INVASIVA  (NIBP).','41'),
('7','UNIDAD DE ANESTESIA','TEMPERATURA, CON CAPACIDAD DE MEDIR A TRAVÉS DE DOS CANALES COMO   MÍNIMO.','42'),
('7','UNIDAD DE ANESTESIA','CONCENTRACIÓN  ALVEOLAR MÍNIMA  (CAM).','43'),
('7','UNIDAD DE ANESTESIA','VOLUMEN TIDAL Y VOLUMEN MINUTO  ESPIRADO.','44'),
('7','UNIDAD DE ANESTESIA','PRESIÓN DE VÍAS AÉREAS: ONDAS  GRAFICAS.','45'),
('7','UNIDAD DE ANESTESIA','ALARMAS AUDIOVISUALES DE  TODOS  LOS  PARÁMETROS MONITORIZADOS.','46'),
('7','UNIDAD DE ANESTESIA','TENDENCIAS  GRAFICAS Y VALORES  NUMÉRICOS.','47'),
('1','UNIDAD DENTAL','CON   MODULO   DE   CONTROL,    LÁMPARA   DENTAL,   SURTIDOR    Y   SOPORTE    DE   VASO,','1'),
('1','UNIDAD DENTAL','ESCUPIDERA Y SILLÓN DENTAL EN UN SISTEMA INTEGRADO.','2'),
('1','UNIDAD DENTAL','PEDAL DE CONTROL.','3'),
('1','UNIDAD DENTAL','INCLUYE MONTAJE, INSTALACION Y PRUEBA DE FUNCIONAMIENTO DEL  EQUIPO.','4'),
('2','UNIDAD DENTAL','UNA (01) PIEZA DE MANO, DE 300,000 RPM.  O MAS.','1'),
('2','UNIDAD DENTAL','PEDAL DE CONTROL.','2'),
('2','UNIDAD DENTAL','UN (01) MICROMOTOR CON PIEZA RECTA Y CONTRA ÁNGULO.','3'),
('2','UNIDAD DENTAL','UNA (01) JERINGA TRIPLE.','4'),
('2','UNIDAD DENTAL','DOS  (02) FRASCOS  DE SPRAY  LUBRICANTES DE  PIEZA DE  MANO CON CAPACIDAD MÍNIMA','5'),
('2','UNIDAD DENTAL','DE 350 ml.','6'),
('2','UNIDAD DENTAL','UN (01) FOCO ADICIONAL PARA LÁMPARA DENTAL.','7'),
('2','UNIDAD DENTAL','UN (01) TABURETE ERGONÓMICO RODABLE Y DE ALTURA REGULABLE.','8'),
('2','UNIDAD DENTAL','UN (01) FILTRO DE AGUA EN CAJA DE CONEXIONES.','9'),
('2','UNIDAD DENTAL','LLAVES DE PASO: UNA (01) DE AGUA Y UNA (01) DE AIRE EN CAJA DE  CONEXIONES.','10'),
('2','UNIDAD DENTAL','UN (01) REGULADOR DE PRESIÓN DE AIRE COMPRIMIDO EN CAJA DE CONEXIONES.','11'),
('3','UNIDAD DENTAL','VOLTAJE DE ALIMENTACIÓN 220 VAC, 60 Hz.','1'),
('7','UNIDAD DENTAL','MODULO DE CONTROL :','1'),
('7','UNIDAD DENTAL','BANDEJA  PORTA INSTRUMENTAL  INCORPORADA, CON NEGATOSCOPIO PARA  PELÍCULA  DE','2'),
('7','UNIDAD DENTAL','RX DENTAL.','3'),
('7','UNIDAD DENTAL','MÍNIMO CUATRO (04) SOPORTES  PARA PIEZAS DE MANO, MICROMOTOR Y JERINGA  TRIPLE.','4'),
('7','UNIDAD DENTAL','BRAZO MÓVIL Y AJUSTABLE.','5'),
('7','UNIDAD DENTAL','CONECTORES DE PIEZAS DE MANO,  TIPO BORDEN.','6'),
('7','UNIDAD DENTAL','LÁMPARA DENTAL :','7'),
('7','UNIDAD DENTAL','CABEZAL ARTICULADO DE LUZ HALÓGENA ó BLANCA FRÍA.','8'),
('7','UNIDAD DENTAL','REFLECTOR PARABÓLICO CON PANTALLA DICROICA O SIMILAR (SIN SOMBRA).','9'),
('7','UNIDAD DENTAL','MICA PROTECTORA PARA PANTALLA COMPLETA.','10'),
('7','UNIDAD DENTAL','DOS (02) INTENSIDADES DE LUZ: ENTRE 18,000 Y 25,000  LUX.','11'),
('7','UNIDAD DENTAL','ESCUPIDERA :','12'),
('7','UNIDAD DENTAL','MATERIAL INOXIDABLE.','13'),
('7','UNIDAD DENTAL','PROVISTA DE TRAMPA DE SÓLIDOS.','14'),
('7','UNIDAD DENTAL','FLUJO DE AGUA REGULABLE.','15'),
('7','UNIDAD DENTAL','SURTIDOR Y SOPORTE PARA VASO :','16'),
('7','UNIDAD DENTAL','SURTIDOR AUTOMÁTICO ó MANUAL.','17'),
('7','UNIDAD DENTAL','SOPORTE INOXIDABLE.','18'),
('7','UNIDAD DENTAL','SILLÓN DENTAL :','19'),
('7','UNIDAD DENTAL','ELECTROMECÁNICO.','20'),
('7','UNIDAD DENTAL','BASE CON REVESTIMIENTO INOXIDABLE.','21'),
('7','UNIDAD DENTAL','PROGRAMACIÓN DE UNA POSICIÓN DE TRABAJO, POR LO MENOS.','22'),
('7','UNIDAD DENTAL','MOVIMIENTO DEL ASIENTO: HACIA ARRIBA Y HACIA  ABAJO.','23'),
('7','UNIDAD DENTAL','MOVIMIENTO DE INCLINACIÓN DEL RESPALDAR: DESDE POSICIÓN HORIZONTAL.','24'),
('7','UNIDAD DENTAL','APOYO DE CABEZA ARTICULADO CON DESPLAZAMIENTO HACIA ARRIBA Y ABAJO.','25'),
('7','UNIDAD DENTAL','RESPALDAR CON APOYABRAZOS INTEGRADO O CON BRAZOS MÓVILES.','26'),
('7','UNIDAD DENTAL','RESPALDAR CON ANCHO NO MENOR A 500 mm.','27'),
('7','UNIDAD DENTAL','CAPACIDAD DE PESO NO MENOR A 150 Kg.','28'),
('7','UNIDAD DENTAL','MOVIMIENTO DE RESPALDAR Y ASIENTO CONTROLADOS POR PEDAL.','29'),
('7','UNIDAD DENTAL','TAPIZADO CARENTE DE COSTURAS.','30'),
('7','UNIDAD DENTAL','PROTECCIÓN CON MICA RESISTENTE LA PARTE DE PIES Y PIERNAS DEL  ASIENTO.','31'),
('7','UNIDAD DENTAL','SISTEMA DE VACÍO :','32'),
('7','UNIDAD DENTAL','EJECTOR DE SALIVA MEDIANTE VENTURI POR AGUA Y/O AIRE. EJECTOR DE ALTO VOLUMEN.','33'),
('7','UNIDAD DENTAL','COMPRESORA','34'),
('7','UNIDAD DENTAL','SIN ACEITE.','35'),
('7','UNIDAD DENTAL','CAPACIDAD DEL TANQUE  22 L. O MAS, DE FÁCIL ACCESO PARA DRENAJE.','36'),
('7','UNIDAD DENTAL','EQUIPADO CON MANÓMETRO, FILTRO DE INGRESO DE AIRE, REGULADOR DE PRESIÓN   DE','37'),
('7','UNIDAD DENTAL','SALIDA, PRESOSTATO, VÁLVULA DE PURGA, VÁLVULA DE SEGURIDAD PARA ALTA PRESIÓN.','38'),
('7','UNIDAD DENTAL','PRESIÓN MÁXIMA :  NO MENOR A  100 PSI.','39'),
('7','UNIDAD DENTAL','FLUJO DE AIRE : MÍNIMO 80 Lts/min.','40'),
('7','UNIDAD DENTAL','POTENCIA DE MOTOR:  1/2 HP COMO MÍNIMO.','41'),
('7','UNIDAD DENTAL','CASETA ISONORIZADA.','42'),
('7','UNIDAD DENTAL','UN (01) FILTRO DE AIRE ADICIONAL.','43'),
('1','VENTILADOR DE TRANSPORTE','PARA    SER   UTILIZADO    EN   TRANSPORTE    TERRESTRE    (AMBULANCIA)    Y   AEREO','1'),
('1','VENTILADOR DE TRANSPORTE','(AVION/HELICOPTERO).','2'),
('1','VENTILADOR DE TRANSPORTE','PORTATIL NO RODABLE.','3'),
('1','VENTILADOR DE TRANSPORTE','CONTROLADO POR MICROPROCESADOR.','4'),
('1','VENTILADOR DE TRANSPORTE','PESO TOTAL DEL EQUIPO (INCLUIDA LA(S) BATERIA(S))  NO MAYOR DE 08 KG.','5'),
('1','VENTILADOR DE TRANSPORTE','EL  AJUSTE  Y  SELECCIÓN  DE  PARAMETROS  SOLICITADOS  NO  DEBE  SER MEDIANTE','6'),
('1','VENTILADOR DE TRANSPORTE','SISTEMA "TOUCH SCREEN".','7'),
('1','VENTILADOR DE TRANSPORTE','CON VALVULA PEEP INTEGRADA EN EL EQUIPO.','8'),
('1','VENTILADOR DE TRANSPORTE','CON  COMPENSACION  BAROMETRICA,  MEDIANTE   CALIBRACION  MANUAL  (UNA  SOLA','9'),
('1','VENTILADOR DE TRANSPORTE','VEZ EN EL LUGAR DE DESTINO) O AUTOMATICA DEL EQUIPO.','10'),
('2','VENTILADOR DE TRANSPORTE','SEIS (06)  JUEGOS COMPLETOS DE CIRCUITO PACIENTE  (REUSABLE).','1'),
('2','VENTILADOR DE TRANSPORTE','UN  (01) PULMON DE PRUEBA.','2'),
('2','VENTILADOR DE TRANSPORTE','MANGUERAS  DE OXIGENO.','3'),
('2','VENTILADOR DE TRANSPORTE','UN   (01)   CILINDRO   DE   OXIGENO   TIPO E,    DE   ALUMINIO, CON   SU  RESPECTIVO','4'),
('2','VENTILADOR DE TRANSPORTE','REGULADOR  DE PRESION.','5'),
('3','VENTILADOR DE TRANSPORTE','APTO PARA FUNCIONAR CON RED ELECTRICA  DE   220 VAC / 60 Hz   .','1'),
('3','VENTILADOR DE TRANSPORTE','BATERIA(S)  RECARGABLE(S) INCORPORADA(S).','2'),
('3','VENTILADOR DE TRANSPORTE','BATERIA  RECARGABLE CON AUTONOMIA  MINIMA  DE  03 HORAS (SI LA BATERIA','3'),
('3','VENTILADOR DE TRANSPORTE','INCORPORADA   TIENE  MENOR AUTONOMIA  A LO SOLICITADO SE ACEPTA QUE   EL','4'),
('3','VENTILADOR DE TRANSPORTE','EQUIPO DISPONGA  ADICIONALMENTE  DE  UNA  BATERIA  EXTERNA  SIEMPRE Y CUANDO','5'),
('3','VENTILADOR DE TRANSPORTE','SE CUMPLA CON EL PESO TOTAL SOLICITADO EN LA ESPECIFICACION A04 Y    LA','6'),
('3','VENTILADOR DE TRANSPORTE','AUTONOMIA  SOLICITADA).','7'),
('3','VENTILADOR DE TRANSPORTE','SISTEMA DE  ALIMENTACION CON CAPACIDAD RESOLUTIVA  PARA USO  EN','8'),
('3','VENTILADOR DE TRANSPORTE','AMBULANCIA  Y  AVION /  HELICOPTERO (INCLUYENDO LOS  ACCESORIOS REQUERIDOS:','9'),
('3','VENTILADOR DE TRANSPORTE','CABLES,  CONECTORES  U OTROS).','10'),
('10','VENTILADOR DE TRANSPORTE','ASISTIDO / CONTROLADO  O CMV O IPPV /  SIPPV.','1'),
('10','VENTILADOR DE TRANSPORTE','CPAP / PEEP.','2'),
('10','VENTILADOR DE TRANSPORTE','SIMV','3'),
('11','VENTILADOR DE TRANSPORTE','DE VOLUMEN TIDAL DE 50 ml O MENOS A 1500ml O  MAS.','1'),
('11','VENTILADOR DE TRANSPORTE','DE FRECUENCIA RESPIRATORIA, HASTA 40 Resp./MIN  O   MAS.','2'),
('11','VENTILADOR DE TRANSPORTE','DE FiO2:  DE 0.40 O MENOS A 1.00.','3'),
('12','VENTILADOR DE TRANSPORTE','DE VOLUMEN TIDAL (VT)  O  VOLUMEN MINUTO (VM), AJUSTADO Y/O  MEDIDO.','1'),
('12','VENTILADOR DE TRANSPORTE','DE PRESION DE VIAS AEREAS.','2'),
('12','VENTILADOR DE TRANSPORTE','DE PRESION PICO INSPIRATORIA.','3'),
('12','VENTILADOR DE TRANSPORTE','DE PRESION MEDIA DE VIAS AEREAS.','4'),
('13','VENTILADOR DE TRANSPORTE','DE ALTA PRESION DE VIAS AEREAS.','1'),
('13','VENTILADOR DE TRANSPORTE','DE BAJA PRESION DE VIAS AEREAS.','2'),
('13','VENTILADOR DE TRANSPORTE','DE FALLA ELECTRICA (BATERIA BAJA O  RED).','3'),
('13','VENTILADOR DE TRANSPORTE','DE APNEA.','4'),
('1','VENTILADOR NEONATAL','RODABLE Y DE FACIL DESPLAZAMIENTO.','1'),
('1','VENTILADOR NEONATAL','OPERACIÓN CONTROLADA POR MICROPROCESADOR(ES).','2'),
('1','VENTILADOR NEONATAL','CICLADO POR TIEMPO, LIMITADO POR PRESION.','3'),
('1','VENTILADOR NEONATAL','QUE EL SINCRONISMO SEA POR FLUJO O VOLUMEN PROXIMAL.','4'),
('1','VENTILADOR NEONATAL','VISUALIZACION DE ONDAS GRAFICAS.','5'),
('1','VENTILADOR NEONATAL','VENTILACION MANUAL O INSPIRACION MANUAL.','6'),
('1','VENTILADOR NEONATAL','SISTEMA DE SUMINISTRO DE AIRE MEDICINAL (DE LA MISMA MARCA O INTEGRADO).','7'),
('1','VENTILADOR NEONATAL','CON COMPENSACION BAROMETRICA MANUAL O AUTOMATICA.','8'),
('1','VENTILADOR NEONATAL','CON CAPACIDAD DE SUMINISTRAR VOLUMENES TIDALES  DESDE 3 ML. HASTA 100 ML.    O','9'),
('1','VENTILADOR NEONATAL','RANGO MAS AMPLIO.','10'),
('2','VENTILADOR NEONATAL','TRES (03) JUEGOS COMPLETOS DE CIRCUITO DE PACIENTE  REUSABLE.','1'),
('2','VENTILADOR NEONATAL','DOS (02) PULMONES DE PRUEBA NEONATAL.','2'),
('2','VENTILADOR NEONATAL','DOS (02) CAMARAS HUMIDIFICADORAS.','3'),
('2','VENTILADOR NEONATAL','UN (01) BRAZO DE SOPORTE DE CIRCUITO DE  PACIENTE.','4'),
('2','VENTILADOR NEONATAL','DOS (02) MANGUERAS DE OXIGENO CON CONECTORES.','5'),
('2','VENTILADOR NEONATAL','DOS (02) MANGUERAS DE AIRE MEDICINAL CON CONECTORES.','6'),
('2','VENTILADOR NEONATAL','DOS (02) SENSORES DE FLUJO  REUSABLES.','7'),
('2','VENTILADOR NEONATAL','DOS (02) JUEGOS DE CABLES PARA EL CALENTADOR TIPO HILO  CALIENTE.','8'),
('3','VENTILADOR NEONATAL','VOLTAJE DE ALIMENTACIÓN 220 VAC / 60 Hz.','1'),
('3','VENTILADOR NEONATAL','ESTABILIZADOR DE VOLTAJE DE ESTADO SOLIDO CON CAPACIDAD MAYOR AL 25%  DE LA','2'),
('3','VENTILADOR NEONATAL','POTENCIA NOMINAL DEL EQUIPO.','3'),
('10','VENTILADOR NEONATAL','VENTILACION ASISTIDA - CONTROLADA.','1'),
('10','VENTILADOR NEONATAL','VENTILACION MANDATORIA INTERMITENTE SINCRONIZADA (SIMV).','2'),
('10','VENTILADOR NEONATAL','PRESION POSITIVA CONTINUA EN LA VIA AEREA (CPAP).','3'),
('10','VENTILADOR NEONATAL','PRESION SOPORTE (PS).','4'),
('10','VENTILADOR NEONATAL','VOLUMEN   GARANTIZADO    (VOLUMEN   ASEGURADO    O   VOLUMEN    CONTROLADO    O','5'),
('10','VENTILADOR NEONATAL','VOLUMEN LIMITE) CON REGULACION AUTOMATICA DE LA PRESION INSPIRATORIA.','6'),
('11','VENTILADOR NEONATAL','FRECUENCIA   RESPIRATORIA   HASTA   120   RESP/MIN.   COMO   MINIMO   O   DE    TIEMPO','1'),
('11','VENTILADOR NEONATAL','ESPIRATORIO.','2'),
('11','VENTILADOR NEONATAL','DE FiO2: DE 21 AL 100 %.','3'),
('11','VENTILADOR NEONATAL','TIEMPO INSPIRATORIO DE 0.10 A 2.0 SEG. RANGO MINIMO.','4'),
('11','VENTILADOR NEONATAL','PRESION INSPIRATORIA HASTA 60 CM. H20 O MAS.','5'),
('12','VENTILADOR NEONATAL','FRECUENCIA RESPIRATORIA.','1'),
('12','VENTILADOR NEONATAL','PRESION PICO INSPIRATORIA.','2'),
('12','VENTILADOR NEONATAL','PRESION MEDIA DE VIAS AEREAS.','3'),
('12','VENTILADOR NEONATAL','FiO2.','4'),
('12','VENTILADOR NEONATAL','VOLUMEN TIDAL Y/O VOLUMEN MINUTO.','5'),
('13','VENTILADOR NEONATAL','DE PRESION ALTA EN LAS VIAS AEREAS.','1'),
('13','VENTILADOR NEONATAL','DE PRESION BAJA EN LAS VIAS AEREAS O DESCONEXION.','2'),
('13','VENTILADOR NEONATAL','DE CONCENTRACION DE OXIGENO.','3'),
('13','VENTILADOR NEONATAL','DE APNEA.','4'),
('13','VENTILADOR NEONATAL','DE FALLA DE SUMINISTRO DE GASES (OXIGENO Y/O AIRE).','5'),
('13','VENTILADOR NEONATAL','DE FALLA ELECTRICA (RED Y/O BATERIA BAJA).','6'),
('14','VENTILADOR NEONATAL','SERVOCONTROLADO.','1'),
('14','VENTILADOR NEONATAL','CON CONTROL DE TEMPERATURA DE 31 °C A 40 °C RANGO MINIMO.','2'),
('14','VENTILADOR NEONATAL','CON VISUALIZACION DE TEMPERATURA DE VIAS AEREAS.','3'),
('14','VENTILADOR NEONATAL','CON VISUALIZACION DE TEMPERATURA DE LA CAMARA.','4'),
('14','VENTILADOR NEONATAL','CON CALENTADOR TIPO HILO-CALIENTE.','5'),
('14','VENTILADOR NEONATAL','CON CONTROL DE  LA DIFERENCIA  ENTRE: LA TEMPERATURA DE  SALIDA DE LA  CAMARA','6'),
('14','VENTILADOR NEONATAL','Y LA TEMPERATURA DEL GAS ENTREADO AL PACIENTE.','7'),
('14','VENTILADOR NEONATAL','CON ALARMAS DE TEMPERATURA ALTA Y BAJA DE LA CAMARA Y VIAS  AEREAS.','8'),
('14','VENTILADOR NEONATAL','CON SILENCIADOR DE ALARMA.','9');

INSERT INTO archivos_ECRI(url,nombre_archivo) VALUES 
('uploads/documentos/adquisicion/archivo_ECRI/','Air Cleaners, High-Efficiency-Filter_022615030020.xlsx'),
('uploads/documentos/adquisicion/archivo_ECRI/','Alarms, Occupancy_022615030246.xlsx'),
('uploads/documentos/adquisicion/archivo_ECRI/','Amino Acid Analyzers_022615031015.xlsx'),
('uploads/documentos/adquisicion/archivo_ECRI/','Anesthesia Units_022615025915.xlsx'),
('uploads/documentos/adquisicion/archivo_ECRI/','Apheresis Units_022615031415.xlsx'),
('uploads/documentos/adquisicion/archivo_ECRI/','Apnea Monitors_022615031527.xlsx'),
('uploads/documentos/adquisicion/archivo_ECRI/','Arthroscopes_022615031635.xlsx'),
('uploads/documentos/adquisicion/archivo_ECRI/','Aspirators, Emergency_022615031800.xlsx'),
('uploads/documentos/adquisicion/archivo_ECRI/','Aspirators, Surgical_022615031858.xlsx'),
('uploads/documentos/adquisicion/archivo_ECRI/','Aspirators, Thoracic_022615032010.xlsx'),
('uploads/documentos/adquisicion/archivo_ECRI/','Aspirators, Uterine_022615033446.xlsx'),
('uploads/documentos/adquisicion/archivo_ECRI/','Aspirators-Chart A_ Ultrasonic Aspirators_022615032059.xlsx'),
('uploads/documentos/adquisicion/archivo_ECRI/','Aspirators-Chart B_ Ultrasound Surgical Units_022615032212.xlsx'),
('uploads/documentos/adquisicion/archivo_ECRI/','Audiometers-Chart A_ Audiometers_022615033917.xlsx'),
('uploads/documentos/adquisicion/archivo_ECRI/','Audiometric-Chart B_ Audiometric Booths_022615034101.xlsx'),
('uploads/documentos/adquisicion/archivo_ECRI/','Auditory Function Screening Devices, Newborn_022615034233.xlsx'),
('uploads/documentos/adquisicion/archivo_ECRI/','Automation Systems, Laboratory_022615034330.xlsx'),
('uploads/documentos/adquisicion/archivo_ECRI/','Autotransfusion Units, Blood Processing_022615034408.xlsx'),
('uploads/documentos/adquisicion/archivo_ECRI/','Beds - Chart A_ Air-Fluidized and Low-Air-Loss Beds_022615034707.xlsx'),
('uploads/documentos/adquisicion/archivo_ECRI/','Beds - Chart B_ Low-Air-Loss and Alternating-Pressure Mattress Systems_022615034714.xlsx'),
('uploads/documentos/adquisicion/archivo_ECRI/','Beds, Birthing_022615034738.xlsx'),
('uploads/documentos/adquisicion/archivo_ECRI/','Beds, Electric_022615034948.xlsx'),
('uploads/documentos/adquisicion/archivo_ECRI/','Beds, Pediatric_022615035018.xlsx'),
('uploads/documentos/adquisicion/archivo_ECRI/','Bilirubinometers_ Bilirubinometers, Cutaneous_022615035332.xlsx'),
('uploads/documentos/adquisicion/archivo_ECRI/','Biological Safety Cabinets_022615035932.xlsx'),
('uploads/documentos/adquisicion/archivo_ECRI/','Blood Culture Analyzers, Automated_ Mycobacteria Detection Systems_022615040307.xlsx'),
('uploads/documentos/adquisicion/archivo_ECRI/','Blood flood - Chart A_ Ultrasonic Blood-Flow Detectors and Blood Flowmeters_022615041312.xlsx'),
('uploads/documentos/adquisicion/archivo_ECRI/','Blood flow - Chart B_ Laser Blood Flowmeters_022615041858.xlsx'),
('uploads/documentos/adquisicion/archivo_ECRI/','Blood Glucose Analyzers_022615040531.xlsx'),
('uploads/documentos/adquisicion/archivo_ECRI/','Blood Grouping Analyzers_022615040646.xlsx'),
('uploads/documentos/adquisicion/archivo_ECRI/','Brachytherapy Systems, Remote Afterloading_022615042043.xlsx'),
('uploads/documentos/adquisicion/archivo_ECRI/','Bronchoscopes, Flexible_ Video_022615042155.xlsx'),
('uploads/documentos/adquisicion/archivo_ECRI/','Calibrators, Radiopharmaceutical_022615042338.xlsx'),
('uploads/documentos/adquisicion/archivo_ECRI/','Carbon Dioxide Monitors, Exhaled Gas_022615042517.xlsx'),
('uploads/documentos/adquisicion/archivo_ECRI/','Carbon Dioxide Monitors, Transcutaneous_ Oxygen Monitors, Transcutaneous_022615042718.xlsx'),
('uploads/documentos/adquisicion/archivo_ECRI/','Cardiac Output Units, Thermal Dilution_022615042838.xlsx'),
('uploads/documentos/adquisicion/archivo_ECRI/','Cataract Extraction Units, Phacoemulsification_022615043041.xlsx'),
('uploads/documentos/adquisicion/archivo_ECRI/','Centrifuges - Chart A_ Cell-Washing Centrifuges_022615043242.xlsx'),
('uploads/documentos/adquisicion/archivo_ECRI/','Centrifuges - Chart B_ Cytological Centrifuges_022615043300.xlsx'),
('uploads/documentos/adquisicion/archivo_ECRI/','Centrifuges, floor - Chart A_ Floor Centrifuges_022615043509.xlsx'),
('uploads/documentos/adquisicion/archivo_ECRI/','Centrifuges, floor - Chart B_ Blood-Bank Centrifuges_022615043600.xlsx'),
('uploads/documentos/adquisicion/archivo_ECRI/','Centrifuges, Microhematocrit_022615043721.xlsx'),
('uploads/documentos/adquisicion/archivo_ECRI/','Centrifuges, Tabletop_022615043915.xlsx'),
('uploads/documentos/adquisicion/archivo_ECRI/','Chambers, Hyperbaric_022615044016.xlsx'),
('uploads/documentos/adquisicion/archivo_ECRI/','Chart A_ Automated Urine Analyzers_030315112937.xlsx'),
('uploads/documentos/adquisicion/archivo_ECRI/','Chart A_ Cardiac_Vascular Ultrasonic Scanning Systems_030315115255.xlsx'),
('uploads/documentos/adquisicion/archivo_ECRI/','Chart A_ Evoked-Potential Graphic Recorders_Electromyographs_030315124542.xlsx'),
('uploads/documentos/adquisicion/archivo_ECRI/','Chart A_ Intraoral Dental Radiographic Units_030315124320.xlsx'),
('uploads/documentos/adquisicion/archivo_ECRI/','Chart A_ Mobile Gamma Cameras_030315115054.xlsx'),
('uploads/documentos/adquisicion/archivo_ECRI/','Chart A_ PET Systems_030315121323.xlsx'),
('uploads/documentos/adquisicion/archivo_ECRI/','Chart A_ Radiographic Systems, Film_ Digital_030315124325.xlsx'),
('uploads/documentos/adquisicion/archivo_ECRI/','Chart A_ Radiographic Units, Mammographic_030315124434.xlsx'),
('uploads/documentos/adquisicion/archivo_ECRI/','Chart A_ Recorders, Electrocardiography_030315124825.xlsx'),
('uploads/documentos/adquisicion/archivo_ECRI/','Chart A_ R_F Radiotherapy Simulation Systems_030315124712.xlsx'),
('uploads/documentos/adquisicion/archivo_ECRI/','Chart A_ Stereotactic Headframes_030315121855.xlsx'),
('uploads/documentos/adquisicion/archivo_ECRI/','Chart A_ Tables, Operating_030315113643.xlsx'),
('uploads/documentos/adquisicion/archivo_ECRI/','Chart A_ Washer_Decontaminators_030315111733.xlsx'),
('uploads/documentos/adquisicion/archivo_ECRI/','Chart A_ Xenon Systems_030315124720.xlsx'),
('uploads/documentos/adquisicion/archivo_ECRI/','Chart B_ Cart Washers_030315111728.xlsx'),
('uploads/documentos/adquisicion/archivo_ECRI/','Chart B_ CT Simulation Systems_030315124516.xlsx'),
('uploads/documentos/adquisicion/archivo_ECRI/','Chart B_ Detectors, X-Ray, Digital Radiography_030315124332.xlsx'),
('uploads/documentos/adquisicion/archivo_ECRI/','Chart B_ Electronystagmographs_ Videonystagmographs_030315124750.xlsx'),
('uploads/documentos/adquisicion/archivo_ECRI/','Chart B_ Extraoral Dental Radiographic Units_030315124430.xlsx'),
('uploads/documentos/adquisicion/archivo_ECRI/','Chart B_ Intravascular Ultrasonic Scanning Systems_030315121351.xlsx'),
('uploads/documentos/adquisicion/archivo_ECRI/','Chart B_ PET_CT Systems_030315121339.xlsx'),
('uploads/documentos/adquisicion/archivo_ECRI/','Chart B_ Radioaerosol Administration Sets_030315124521.xlsx'),
('uploads/documentos/adquisicion/archivo_ECRI/','Chart B_ Radiographic Systems, Digital, Mammographic_030315124441.xlsx'),
('uploads/documentos/adquisicion/archivo_ECRI/','Chart B_ Scanners, Electrocardiography_030315124846.xlsx'),
('uploads/documentos/adquisicion/archivo_ECRI/','Chart B_ Semiautomated Urine Analyzers_030315112940.xlsx'),
('uploads/documentos/adquisicion/archivo_ECRI/','Chart B_ Stationary Gamma Cameras_030315115510.xlsx'),
('uploads/documentos/adquisicion/archivo_ECRI/','Chart B_ Stereotactic Systems, Radiosurgical, Gamma_030315121740.xlsx'),
('uploads/documentos/adquisicion/archivo_ECRI/','Chart B_ Syringe Drivers_030315110944.xlsx'),
('uploads/documentos/adquisicion/archivo_ECRI/','Chart B_ Tables, Orthopedic_030315113636.xlsx'),
('uploads/documentos/adquisicion/archivo_ECRI/','Chart C_ Digital Dental Radiographic Systems, Intraoral Detectors_030315124437.xlsx'),
('uploads/documentos/adquisicion/archivo_ECRI/','Chart C_ Laboratory Refractometers_030315112915.xlsx'),
('uploads/documentos/adquisicion/archivo_ECRI/','Chart C_ SPECT_CT Systems_030315115120.xlsx'),
('uploads/documentos/adquisicion/archivo_ECRI/','Chart C_ Stereotactic Systems, Biopsy, Mammographic_030315124707.xlsx'),
('uploads/documentos/adquisicion/archivo_ECRI/','Chart C_ Stereotactic Systems, Radiosurgical, Linear Accelerator_030315121744.xlsx'),
('uploads/documentos/adquisicion/archivo_ECRI/','Chromatography Systems, Gas_022615044115.xlsx'),
('uploads/documentos/adquisicion/archivo_ECRI/','Chromatography Systems, Liquid, High-Performance_022615044211.xlsx'),
('uploads/documentos/adquisicion/archivo_ECRI/','Circulatory Assist Units, Intermittent_ Sequential_ Stockings, Compression_ Pneumatic_022615044321.xlsx'),
('uploads/documentos/adquisicion/archivo_ECRI/','Circulatory Assist Units, Intra-Aortic Balloon_022615044355.xlsx'),
('uploads/documentos/adquisicion/archivo_ECRI/','Clinical chemistry analysers - Chart B_ Integrated Chemistry_Immunoassay Analyzers_022615044649.xlsx'),
('uploads/documentos/adquisicion/archivo_ECRI/','Clinical chemistry analysers -Chart A_ Automated Discrete Clinical Chemistry Analyzers_022615044540.xlsx'),
('uploads/documentos/adquisicion/archivo_ECRI/','Clinical Chemistry Analyzers, Manual_022615044746.xlsx'),
('uploads/documentos/adquisicion/archivo_ECRI/','Coagulation analyzers - Chart A_ Automated Coagulation Analyzers_022615044852.xlsx'),
('uploads/documentos/adquisicion/archivo_ECRI/','Coagulation analyzers - Chart B_ Semiautomated Coagulation Analyzers_022615044955.xlsx'),
('uploads/documentos/adquisicion/archivo_ECRI/','Coagulation analyzers - Chart C_ Point-of-Care Coagulation Analyzers _022615045029.xlsx'),
('uploads/documentos/adquisicion/archivo_ECRI/','Colonoscopes_ Sigmoidoscopes_022615045157.xlsx'),
('uploads/documentos/adquisicion/archivo_ECRI/','Computer-Aided - Chart A_ Computer-Aided Detection Systems, Mammography_022615045235.xlsx'),
('uploads/documentos/adquisicion/archivo_ECRI/','Computer-Aided - Chart B_ Computer-Aided Detection Systems, Breast Imaging, Magnetic Resonance_022615045301.xlsx'),
('uploads/documentos/adquisicion/archivo_ECRI/','Computerized Provider Order-Entry Systems_022615045450.xlsx'),
('uploads/documentos/adquisicion/archivo_ECRI/','Computers, Nuclear Medicine_022615045634.xlsx'),
('uploads/documentos/adquisicion/archivo_ECRI/','Continuous Positive Airway Pressure Units_022615045712.xlsx'),
('uploads/documentos/adquisicion/archivo_ECRI/','Corneal Topography Systems_022615045817.xlsx'),
('uploads/documentos/adquisicion/archivo_ECRI/','Cryosurgical Units_022615045908.xlsx'),
('uploads/documentos/adquisicion/archivo_ECRI/','Cytometers, Automated, Flow_022615050135.xlsx'),
('uploads/documentos/adquisicion/archivo_ECRI/','Defibrillators, External, Automated_ Semiautomated_022615050639.xlsx'),
('uploads/documentos/adquisicion/archivo_ECRI/','Defibrillators, External, Manual_ Defibrillator_Pacemakers, External_022615050733.xlsx'),
('uploads/documentos/adquisicion/archivo_ECRI/','Defribillator - Chart A_ Implantable Defibrillator_Pacemakers_022615050342.xlsx'),
('uploads/documentos/adquisicion/archivo_ECRI/','Defribillator - Chart B_ High-Energy Cardiac Resynchronization Therapy_022615050454.xlsx'),
('uploads/documentos/adquisicion/archivo_ECRI/','Densiometers - Chart A_ Densitometers, Bone, Dual-Energy Absorptiometry_022615050809.xlsx'),
('uploads/documentos/adquisicion/archivo_ECRI/','Densiometers - Chart B_ Bone Ultrasonometers_022615050849.xlsx'),
('uploads/documentos/adquisicion/archivo_ECRI/','Densitometers, Laboratory, Scanning_022615050941.xlsx'),
('uploads/documentos/adquisicion/archivo_ECRI/','Diathermy Units, Microwave_ Shortwave_022615051027.xlsx'),
('uploads/documentos/adquisicion/archivo_ECRI/','Dictation Systems, Digital_ Speech Recognition_Transcription_022615051100.xlsx'),
('uploads/documentos/adquisicion/archivo_ECRI/','Digital Imaging Systems, Computed Radiography_022615051147.xlsx'),
('uploads/documentos/adquisicion/archivo_ECRI/','Duodenoscope - Chart A_ Duodenoscopes_ Gastroscopes_ Choledochoscopes_022615051248.xlsx'),
('uploads/documentos/adquisicion/archivo_ECRI/','Duodenoscope - Chart B_ Ingestible Camera Endoscopic Video Systems_022615051347.xlsx'),
('uploads/documentos/adquisicion/archivo_ECRI/','EEG Monitors_ Electroencephalographs_022615051526.xlsx'),
('uploads/documentos/adquisicion/archivo_ECRI/','Electrocardiographs, Multichannel_ Interpretive_ Single-Channel_022615051700.xlsx'),
('uploads/documentos/adquisicion/archivo_ECRI/','Electrolyte Analyzers_022615051736.xlsx'),
('uploads/documentos/adquisicion/archivo_ECRI/','Electrophoresis Systems_022615051818.xlsx'),
('uploads/documentos/adquisicion/archivo_ECRI/','Electrosurgical - Chart A_ Electrosurgical Units_022615051951.xlsx'),
('uploads/documentos/adquisicion/archivo_ECRI/','Electrosurgical - Chart B_ Argon-Enhanced Electrosurgical Units_022615052044.xlsx'),
('uploads/documentos/adquisicion/archivo_ECRI/','Esophageal Motility Analyzers_022615052127.xlsx'),
('uploads/documentos/adquisicion/archivo_ECRI/','Ethylene Oxide Monitors_022615052152.xlsx'),
('uploads/documentos/adquisicion/archivo_ECRI/','Facility - Chart A_ Facility Booms_022615052246.xlsx'),
('uploads/documentos/adquisicion/archivo_ECRI/','Facility - Chart B_ Service Columns_022615052334.xlsx'),
('uploads/documentos/adquisicion/archivo_ECRI/','Fetal Heart Detectors, Ultrasonic_022615052417.xlsx'),
('uploads/documentos/adquisicion/archivo_ECRI/','Fetal Monitors_022615052452.xlsx'),
('uploads/documentos/adquisicion/archivo_ECRI/','Flexible Endoscope Reprocessors, Automatic_022615052539.xlsx'),
('uploads/documentos/adquisicion/archivo_ECRI/','Glove Boxes, Anaerobic_022615052620.xlsx'),
('uploads/documentos/adquisicion/archivo_ECRI/','Glucose Monitors, Continuous_022615052649.xlsx'),
('uploads/documentos/adquisicion/archivo_ECRI/','Glycohemoglobin Analyzers_022615052730.xlsx'),
('uploads/documentos/adquisicion/archivo_ECRI/','Handpieces, Surgical_ Drills, Bone_ Saws, Bone_022615052803.xlsx'),
('uploads/documentos/adquisicion/archivo_ECRI/','Headwall Systems, Prefabricated_022615052846.xlsx'),
('uploads/documentos/adquisicion/archivo_ECRI/','Heart-lung - Chart A_ Heart-Lung Bypass Units_022615052921.xlsx'),
('uploads/documentos/adquisicion/archivo_ECRI/','Heart-lung - Chart B_ Extracorporeal Perfusion Pumps_022615053007.xlsx'),
('uploads/documentos/adquisicion/archivo_ECRI/','Heart-lung - Chart C_ Oxygenators_022615053036.xlsx'),
('uploads/documentos/adquisicion/archivo_ECRI/','Hematology - Chart A_ Hematology Analyzers_022615053146.xlsx'),
('uploads/documentos/adquisicion/archivo_ECRI/','Hematology - Chart B_ Digital Blood Cell Classification Systems_022615053234.xlsx'),
('uploads/documentos/adquisicion/archivo_ECRI/','Hemodialysis Units, Continuous Replacement Therapy, Renal_022615053348.xlsx'),
('uploads/documentos/adquisicion/archivo_ECRI/','Hemodialysis Units_022615053309.xlsx'),
('uploads/documentos/adquisicion/archivo_ECRI/','Image-Guided Surgery Systems_022615053601.xlsx'),
('uploads/documentos/adquisicion/archivo_ECRI/','Immunoassay - Chart A_ Enzyme, Fluorescence, and Chemiluminescence Immunoassay Analyzers_022615053437.xlsx'),
('uploads/documentos/adquisicion/archivo_ECRI/','Immunoassay - Chart B_ Integrated Chemistry_Immunoassay Analyzers_022615053521.xlsx'),
('uploads/documentos/adquisicion/archivo_ECRI/','Immunoassay Analyzers, Nephelometric_022615053715.xlsx'),
('uploads/documentos/adquisicion/archivo_ECRI/','Incubators, Infant_022615053853.xlsx'),
('uploads/documentos/adquisicion/archivo_ECRI/','Information Management Systems, Anesthesia_022615053823.xlsx'),
('uploads/documentos/adquisicion/archivo_ECRI/','Information Management Systems, Anesthesia_022615053925.xlsx'),
('uploads/documentos/adquisicion/archivo_ECRI/','Information Management Systems, Obstetrical_022615053956.xlsx'),
('uploads/documentos/adquisicion/archivo_ECRI/','Information Management Systems, Oncology - Chart A_ Oncology Information Management Systems_022615054059.xlsx'),
('uploads/documentos/adquisicion/archivo_ECRI/','Information Management Systems, Oncology - Chart B_ Digital Portal Imaging Systems_022615054118.xlsx'),
('uploads/documentos/adquisicion/archivo_ECRI/','Information Systems, Bedside_022615054243.xlsx'),
('uploads/documentos/adquisicion/archivo_ECRI/','Information Systems, Blood Bank_022615054312.xlsx'),
('uploads/documentos/adquisicion/archivo_ECRI/','Information Systems, Clinical Pharmacy_022615054347.xlsx'),
('uploads/documentos/adquisicion/archivo_ECRI/','Information Systems, Hospital, Materials Management_022615054411.xlsx'),
('uploads/documentos/adquisicion/archivo_ECRI/','Information Systems, Information and Image Management, Cardiology_022615054454.xlsx'),
('uploads/documentos/adquisicion/archivo_ECRI/','Information Systems, Laboratory, Anatomic Pathology_022615054601.xlsx'),
('uploads/documentos/adquisicion/archivo_ECRI/','Information Systems, Laboratory_022615054538.xlsx'),
('uploads/documentos/adquisicion/archivo_ECRI/','Information Systems, Physician Practice_022615054714.xlsx'),
('uploads/documentos/adquisicion/archivo_ECRI/','Infusion ambulatory - Chart A_ Ambulatory Infusion Pumps_030315110329.xlsx'),
('uploads/documentos/adquisicion/archivo_ECRI/','Infusion ambulatory - Chart B_ Ambulatory Single-Patient Infusion Pumps_030315110406.xlsx'),
('uploads/documentos/adquisicion/archivo_ECRI/','Infusion Pumps, Insulin_030315110540.xlsx'),
('uploads/documentos/adquisicion/archivo_ECRI/','Infusion Pumps, Large-Volume_030315110652.xlsx'),
('uploads/documentos/adquisicion/archivo_ECRI/','Infusion Pumps, Patient-Controlled Analgesic_030315110730.xlsx'),
('uploads/documentos/adquisicion/archivo_ECRI/','Infusion Syringe - Chart A_ Syringe Infusion Pumps_030315110846.xlsx'),
('uploads/documentos/adquisicion/archivo_ECRI/','Injectors, Contrast Media, Angiography_ CT_ MRI_030315111023.xlsx'),
('uploads/documentos/adquisicion/archivo_ECRI/','Insufflators, Laparoscopic_030315111104.xlsx'),
('uploads/documentos/adquisicion/archivo_ECRI/','Irrigation_Distention Systems, Arthroscopic_030315111138.xlsx'),
('uploads/documentos/adquisicion/archivo_ECRI/','Laparoscopes_030315111349.xlsx'),
('uploads/documentos/adquisicion/archivo_ECRI/','Lasers, Carbon Dioxide, Surgical_Dermatologic_030315111410.xlsx'),
('uploads/documentos/adquisicion/archivo_ECRI/','Lasers, Diode, Surgical_030315111449.xlsx'),
('uploads/documentos/adquisicion/archivo_ECRI/','Lasers, Ho_YAG, Surgical_030315111548.xlsx'),
('uploads/documentos/adquisicion/archivo_ECRI/','Lasers, Nd_YAG, Surgical_ Dermatologic_030315111623.xlsx'),
('uploads/documentos/adquisicion/archivo_ECRI/','Lasers, Ophthalmic - Chart A_ Argon, Dye, Krypton, and Frequency-Doubled Nd_YAG Ophthalmic Lasers_030315111655.xlsx'),
('uploads/documentos/adquisicion/archivo_ECRI/','Lasers, Ophthalmic - Chart B_ Nd_YAG Ophthalmic Lasers_030315111754.xlsx'),
('uploads/documentos/adquisicion/archivo_ECRI/','Lasers, Ophthalmic - Chart C_ Excimer Ophthalmic Lasers_030315111901.xlsx'),
('uploads/documentos/adquisicion/archivo_ECRI/','Lasers, Ophthalmic - Chart D_ Diode Ophthalmic Lasers_030315111943.xlsx'),
('uploads/documentos/adquisicion/archivo_ECRI/','Lesion Generators_030315112102.xlsx'),
('uploads/documentos/adquisicion/archivo_ECRI/','Lifts, Patient Transfer - Chart A_ Mobile Patient Transfer Lifts_030315112137.xlsx'),
('uploads/documentos/adquisicion/archivo_ECRI/','Lifts, Patient Transfer - Chart B_ Track-Mounted Patient Lifts_030315112234.xlsx'),
('uploads/documentos/adquisicion/archivo_ECRI/','Light Sources, Fiberoptic_030315112341.xlsx'),
('uploads/documentos/adquisicion/archivo_ECRI/','Lights, Surgical_030315112426.xlsx'),
('uploads/documentos/adquisicion/archivo_ECRI/','Linear Accelerators_ Radiotherapy Units, Cobalt_030315112503.xlsx'),
('uploads/documentos/adquisicion/archivo_ECRI/','Lithotripters, Extracorporeal_030315112539.xlsx'),
('uploads/documentos/adquisicion/archivo_ECRI/','Lithotripters, Intracorporeal - Chart A_ Electrohydraulic Lithotripters_030315112600.xlsx'),
('uploads/documentos/adquisicion/archivo_ECRI/','Lithotripters, Intracorporeal - Chart B_ Laser Lithotripters_030315112640.xlsx'),
('uploads/documentos/adquisicion/archivo_ECRI/','Lithotripters, Intracorporeal - Chart C_ Ultrasonic Impact Lithotripters_030315112704.xlsx'),
('uploads/documentos/adquisicion/archivo_ECRI/','Lithotripters, Intracorporeal - Chart D_ Electromechanical and Pneumatic Impact Lithotripters_030315112750.xlsx'),
('uploads/documentos/adquisicion/archivo_ECRI/','Medication Management Systems, Decentralized_030315112905.xlsx'),
('uploads/documentos/adquisicion/archivo_ECRI/','Microarray Readers_030315112941.xlsx'),
('uploads/documentos/adquisicion/archivo_ECRI/','Microbiological Systems, Automated_030315113007.xlsx'),
('uploads/documentos/adquisicion/archivo_ECRI/','Microscopes, Electron, Transmission_030315113047.xlsx'),
('uploads/documentos/adquisicion/archivo_ECRI/','Microscopes, Light, Laboratory_030315113243.xlsx'),
('uploads/documentos/adquisicion/archivo_ECRI/','Microscopes, Operating_030315113619.xlsx'),
('uploads/documentos/adquisicion/archivo_ECRI/','Microtomes, Cryostat - Chart A_ Cryostat Microtomes_030315113647.xlsx'),
('uploads/documentos/adquisicion/archivo_ECRI/','Microtomes, Cryostat - Chart B_ Microtome Knife Sharpeners_030315113717.xlsx'),
('uploads/documentos/adquisicion/archivo_ECRI/','Microtomes, Rotatory - Chart A_ Rotary and Ultra Microtomes_030315113813.xlsx'),
('uploads/documentos/adquisicion/archivo_ECRI/','Microtomes, Rotatory - Chart B_ Microtome Knife Sharpeners_030315113834.xlsx'),
('uploads/documentos/adquisicion/archivo_ECRI/','Monitors, Vital Signs_030315114014.xlsx'),
('uploads/documentos/adquisicion/archivo_ECRI/','Multiple Medical Gas Monitors, Respired_Anesthetic_030315114044.xlsx'),
('uploads/documentos/adquisicion/archivo_ECRI/','Nucleic Acid Processors - Chart A_ Thermal Cycle Nucleic Acid Processors_030315114212.xlsx'),
('uploads/documentos/adquisicion/archivo_ECRI/','Nucleic Acid Processors - Chart B_ Real-Time Thermal Cycle Nucleic Acid Processors_030315114304.xlsx'),
('uploads/documentos/adquisicion/archivo_ECRI/','Nucleic Acid Processors, Purification_030315114138.xlsx'),
('uploads/documentos/adquisicion/archivo_ECRI/','Nurse Call Systems_030315114351.xlsx'),
('uploads/documentos/adquisicion/archivo_ECRI/','Oximeters, In Vitro, Whole Blood_030315114430.xlsx'),
('uploads/documentos/adquisicion/archivo_ECRI/','Oximeters, Pulse_030315114519.xlsx'),
('uploads/documentos/adquisicion/archivo_ECRI/','Oxygen Concentrators_030315114635.xlsx'),
('uploads/documentos/adquisicion/archivo_ECRI/','Oxygen Monitors_030315114935.xlsx'),
('uploads/documentos/adquisicion/archivo_ECRI/','Pacemakers, Cardiac - Chart A_ Implantable Pacemakers_030315115339.xlsx'),
('uploads/documentos/adquisicion/archivo_ECRI/','Pacemakers, Cardiac - Chart B_ Low-Energy Cardiac Resynchronization Therapy_030315115410.xlsx'),
('uploads/documentos/adquisicion/archivo_ECRI/','Pacemakers, Cardiac, External, Invasive Electrodes, Transvenous_030315115024.xlsx'),
('uploads/documentos/adquisicion/archivo_ECRI/','Papanicolaou - Chart A_ Papanicolaou Smear Sample Preparation Systems_030315115547.xlsx'),
('uploads/documentos/adquisicion/archivo_ECRI/','Papanicolaou - Chart B_ Papanicolaou Smear Computer-Aided Detection Systems_030315115625.xlsx'),
('uploads/documentos/adquisicion/archivo_ECRI/','Patient Identification and Security Systems_030315115729.xlsx'),
('uploads/documentos/adquisicion/archivo_ECRI/','Peritoneal Dialysis Units_030315115907.xlsx'),
('uploads/documentos/adquisicion/archivo_ECRI/','Photometric Microplate Readers - Chart A_ Photometric Microplate Readers_030315120018.xlsx'),
('uploads/documentos/adquisicion/archivo_ECRI/','Photometric Microplate Readers - Chart B_ Microplate Washers_030315120059.xlsx'),
('uploads/documentos/adquisicion/archivo_ECRI/','Phototherapy Units, Visible Light, Hyperbilirubinemia_030315120227.xlsx'),
('uploads/documentos/adquisicion/archivo_ECRI/','Physiologic Monitoring Systems - Chart A_ Bedside_Transport Patient Monitors_030315120505.xlsx'),
('uploads/documentos/adquisicion/archivo_ECRI/','Physiologic Monitoring Systems - Chart B_ Central Monitoring Stations_030315120613.xlsx'),
('uploads/documentos/adquisicion/archivo_ECRI/','Physiologic Monitoring Systems, Cardiac Catheterization_030315120718.xlsx'),
('uploads/documentos/adquisicion/archivo_ECRI/','Physiologic Monitoring Systems, Cardiac Electrophysiology_030315120757.xlsx'),
('uploads/documentos/adquisicion/archivo_ECRI/','Physiologic Monitoring Systems, stress - Chart A_ Cardiac Stress Testing Monitors_030315120856.xlsx'),
('uploads/documentos/adquisicion/archivo_ECRI/','Physiologic Monitoring Systems, Telemetric - Chart A_ Telemetric Patient Monitors_030315121146.xlsx'),
('uploads/documentos/adquisicion/archivo_ECRI/','Physiologic Monitoring Systems, Telemetric - Chart B_ Central Monitoring Stations_030315121222.xlsx'),
('uploads/documentos/adquisicion/archivo_ECRI/','Physiologic Monitoring Systems,stress - Chart B_ Pulmonary Stress Testing Monitors_030315121030.xlsx'),
('uploads/documentos/adquisicion/archivo_ECRI/','Picture Archiving and Communication Systems (PACS), Radiology_030315121346.xlsx'),
('uploads/documentos/adquisicion/archivo_ECRI/','Platelet Aggregation Analyzers_030315121436.xlsx'),
('uploads/documentos/adquisicion/archivo_ECRI/','Plethysmographs, Segmental, Lower_Upper Limb_030315121628.xlsx'),
('uploads/documentos/adquisicion/archivo_ECRI/','Point-of-Care Analyzers, Blood Gas_pH_ Chemistry_ Electrolyte_030315121706.xlsx'),
('uploads/documentos/adquisicion/archivo_ECRI/','Point-of-Care Analyzers, Coagulation - Chart A_ Coagulation POC Analyzers_030315121748.xlsx'),
('uploads/documentos/adquisicion/archivo_ECRI/','Point-of-Care Analyzers, Coagulation - Chart B_ Hematology POC Analyzers_030315121820.xlsx'),
('uploads/documentos/adquisicion/archivo_ECRI/','Point-of-Care Analyzers, Coagulation - Chart C_ Urine POC Analyzers_030315121859.xlsx'),
('uploads/documentos/adquisicion/archivo_ECRI/','Polysomnography Analyzers, Computerized_030315121945.xlsx'),
('uploads/documentos/adquisicion/archivo_ECRI/','Printers, Thermal_030315122119.xlsx'),
('uploads/documentos/adquisicion/archivo_ECRI/','Prostheses, Cardiac Valve, Artificial_030315122152.xlsx'),
('uploads/documentos/adquisicion/archivo_ECRI/','Prostheses, Joint, Hip_030315122537.xlsx'),
('uploads/documentos/adquisicion/archivo_ECRI/','Prostheses, Joint, Knee_030315122423.xlsx'),
('uploads/documentos/adquisicion/archivo_ECRI/','Pulmonary Function Analyzers, Adult_030315122521.xlsx'),
('uploads/documentos/adquisicion/archivo_ECRI/','Pumps, Enteral Feeding_030315122615.xlsx'),
('uploads/documentos/adquisicion/archivo_ECRI/','Radiographic Units, Chest_030315124330.xlsx'),
('uploads/documentos/adquisicion/archivo_ECRI/','Radiographic Units, Mobile_030315124445.xlsx'),
('uploads/documentos/adquisicion/archivo_ECRI/','Radiographic_Fluoroscopic Systems, Angiography_Interventional_ Cardiovascular_030315124455.xlsx'),
('uploads/documentos/adquisicion/archivo_ECRI/','Radiographic_Fluoroscopic Systems, General-Purpose_030315124500.xlsx'),
('uploads/documentos/adquisicion/archivo_ECRI/','Radiographic_Fluoroscopic Systems, Urological_030315124510.xlsx'),
('uploads/documentos/adquisicion/archivo_ECRI/','Radiographic_Fluoroscopic Units, Mobile_030315124506.xlsx'),
('uploads/documentos/adquisicion/archivo_ECRI/','Radiotherapy Treatment Planning Systems_030315124514.xlsx'),
('uploads/documentos/adquisicion/archivo_ECRI/','Real-Time Locating Systems_030315124527.xlsx'),
('uploads/documentos/adquisicion/archivo_ECRI/','Recorders, Data, Blood Pressure_030315124524.xlsx'),
('uploads/documentos/adquisicion/archivo_ECRI/','Refrigerators, Blood Bank_030315124644.xlsx'),
('uploads/documentos/adquisicion/archivo_ECRI/','Respirators, Air-Purifying_ Air-Supplying_030315124851.xlsx'),
('uploads/documentos/adquisicion/archivo_ECRI/','Scanning Systems, CT_022615050033.xlsx'),
('uploads/documentos/adquisicion/archivo_ECRI/','Scanning Systems, MRI_030315115515.xlsx'),
('uploads/documentos/adquisicion/archivo_ECRI/','Scanning Systems, Ultrasonic, General-Purpose_030315115321.xlsx'),
('uploads/documentos/adquisicion/archivo_ECRI/','Scanning Systems, Ultrasonic, Portable_030315121441.xlsx'),
('uploads/documentos/adquisicion/archivo_ECRI/','Slide Stainers, Cytology_Histology_030315115326.xlsx'),
('uploads/documentos/adquisicion/archivo_ECRI/','Slide Stainers, Hematology_ Microbiological_030315115607.xlsx'),
('uploads/documentos/adquisicion/archivo_ECRI/','Slit Lamps_030315115336.xlsx'),
('uploads/documentos/adquisicion/archivo_ECRI/','Smoke Evacuation Systems, Surgical_030315115635.xlsx'),
('uploads/documentos/adquisicion/archivo_ECRI/','Spectrometers, Mass, Laboratory_030315115430.xlsx'),
('uploads/documentos/adquisicion/archivo_ECRI/','Spectrophotometers, Atomic Absorption_030315121501.xlsx'),
('uploads/documentos/adquisicion/archivo_ECRI/','Spectrophotometers, Ultraviolet_Visible_030315121727.xlsx'),
('uploads/documentos/adquisicion/archivo_ECRI/','Spirometers, Diagnostic_030315121736.xlsx'),
('uploads/documentos/adquisicion/archivo_ECRI/','Sterilizing Units, Ethylene Oxide_030315121747.xlsx'),
('uploads/documentos/adquisicion/archivo_ECRI/','Sterilizing Units, Steam, Bulk_030315121752.xlsx'),
('uploads/documentos/adquisicion/archivo_ECRI/','Sterilizing Units, Steam, Tabletop_030315121759.xlsx'),
('uploads/documentos/adquisicion/archivo_ECRI/','Stimulators, Electrical, Peripheral Nerve, Analgesic, Transcutaneous_030315121815.xlsx'),
('uploads/documentos/adquisicion/archivo_ECRI/','Stretchers, Mobile, Hospital_030315121812.xlsx'),
('uploads/documentos/adquisicion/archivo_ECRI/','Surgical Helmet Systems_030315121802.xlsx'),
('uploads/documentos/adquisicion/archivo_ECRI/','Telemanipulation Systems, Surgical_030315113639.xlsx'),
('uploads/documentos/adquisicion/archivo_ECRI/','Thermometers, Electronic, Infrared_030315113648.xlsx'),
('uploads/documentos/adquisicion/archivo_ECRI/','Thermometers, Electronic, Thermistor_Thermocouple, Patient_030315113654.xlsx'),
('uploads/documentos/adquisicion/archivo_ECRI/','Thyroid Uptake Systems_030315113646.xlsx'),
('uploads/documentos/adquisicion/archivo_ECRI/','Tissue Processors_030315113651.xlsx'),
('uploads/documentos/adquisicion/archivo_ECRI/','Ultrasound Therapy Systems, Physical Therapy_ Ultrasound Therapy_Neuromuscular Stimulation Systems, Physical Therapy_030315112840.xlsx'),
('uploads/documentos/adquisicion/archivo_ECRI/','Urodynamic Measurement Systems_030315112943.xlsx'),
('uploads/documentos/adquisicion/archivo_ECRI/','Ventilators, Intensive Care, Neonatal_Pediatric_030315111956.xlsx'),
('uploads/documentos/adquisicion/archivo_ECRI/','Ventilators, Intensive Care_030315111901.xlsx'),
('uploads/documentos/adquisicion/archivo_ECRI/','Ventilators, Portable_Home Care_030315112121.xlsx'),
('uploads/documentos/adquisicion/archivo_ECRI/','Ventilators, Transport_030315112230.xlsx'),
('uploads/documentos/adquisicion/archivo_ECRI/','Ventricular Assist Devices_030315112330.xlsx'),
('uploads/documentos/adquisicion/archivo_ECRI/','Video Endoscopy Systems_030315112442.xlsx'),
('uploads/documentos/adquisicion/archivo_ECRI/','Videoconferencing Systems, Telemedicine_030315112527.xlsx'),
('uploads/documentos/adquisicion/archivo_ECRI/','View Boxes, X-ray, Motorized_030315112636.xlsx'),
('uploads/documentos/adquisicion/archivo_ECRI/','Warming Cabinets_030315110817.xlsx'),
('uploads/documentos/adquisicion/archivo_ECRI/','Warming Units, Blood_Solution_030315111052.xlsx'),
('uploads/documentos/adquisicion/archivo_ECRI/','Warming Units, Patient, Forced-Air_030315111147.xlsx'),
('uploads/documentos/adquisicion/archivo_ECRI/','Warming Units, Radiant, Infant_030315111319.xlsx'),
('uploads/documentos/adquisicion/archivo_ECRI/','Warming_Cooling Units, Patient, Circulating-Fluid_ Pumps, Circulating-Fluid_030315111421.xlsx'),
('uploads/documentos/adquisicion/archivo_ECRI/','X-ray Film Processors, Automatic_030315110040.xlsx');
