/****TIPO DE INCIDENTES *****/
INSERT INTO tipo_incidente(id,nombre) VALUES ('1','Administración clínica');
INSERT INTO tipo_incidente(id,nombre) VALUES ('2','Proceso/procedimiento clínico');
INSERT INTO tipo_incidente(id,nombre) VALUES ('3','Documentación');
INSERT INTO tipo_incidente(id,nombre) VALUES ('4','Infección asociada a la atención sanitaria');
INSERT INTO tipo_incidente(id,nombre) VALUES ('5','Medicación/líquidos para administración i.v.');
INSERT INTO tipo_incidente(id,nombre) VALUES ('6','Sangre/productos sanguíneos');
INSERT INTO tipo_incidente(id,nombre) VALUES ('7','Nutrición');
INSERT INTO tipo_incidente(id,nombre) VALUES ('8','Oxígeno/gases/vapores');
INSERT INTO tipo_incidente(id,nombre) VALUES ('9','Dispositivos/equipos médicos');
INSERT INTO tipo_incidente(id,nombre) VALUES ('10','Comportamiento');
INSERT INTO tipo_incidente(id,nombre) VALUES ('11','Accidentes de los pacientes');
INSERT INTO tipo_incidente(id,nombre) VALUES ('12','Infraestructuras/locales/instalaciones');
INSERT INTO tipo_incidente(id,nombre) VALUES ('13','Recursos/gestión de la organización');

/****SUBTIPO PADRE DE INCIDENTE *****/
INSERT INTO subtipopadre_incidente(id,nombre,idtipo_incidente) VALUES ('1','Proceso','1');
INSERT INTO subtipopadre_incidente(id,nombre,idtipo_incidente) VALUES ('2','Problema','1');
INSERT INTO subtipopadre_incidente(id,nombre,idtipo_incidente) VALUES ('3','Proceso','2');
INSERT INTO subtipopadre_incidente(id,nombre,idtipo_incidente) VALUES ('4','Problema','2');
INSERT INTO subtipopadre_incidente(id,nombre,idtipo_incidente) VALUES ('5','Documento en cuestión','3');
INSERT INTO subtipopadre_incidente(id,nombre,idtipo_incidente) VALUES ('6','Problema','3');
INSERT INTO subtipopadre_incidente(id,nombre,idtipo_incidente) VALUES ('7','Tipo de microorganismo','4');
INSERT INTO subtipopadre_incidente(id,nombre,idtipo_incidente) VALUES ('8','Tipo/lugar de la infección','4');
INSERT INTO subtipopadre_incidente(id,nombre,idtipo_incidente) VALUES ('9','Medicación/líquidos para administración i.v. en cuestión','5');
INSERT INTO subtipopadre_incidente(id,nombre,idtipo_incidente) VALUES ('10','Proceso de uso de la medicación/los líquidos para la administración i.v.','5');
INSERT INTO subtipopadre_incidente(id,nombre,idtipo_incidente) VALUES ('11','Problema','5');
INSERT INTO subtipopadre_incidente(id,nombre,idtipo_incidente) VALUES ('12','Sangre/producto sanguíneo en cuestión','6');
INSERT INTO subtipopadre_incidente(id,nombre,idtipo_incidente) VALUES ('13','Proceso de uso de la sangre/el producto sanguíneo','6');
INSERT INTO subtipopadre_incidente(id,nombre,idtipo_incidente) VALUES ('14','Problema','6');
INSERT INTO subtipopadre_incidente(id,nombre,idtipo_incidente) VALUES ('15','Nutrición en cuestión','7');
INSERT INTO subtipopadre_incidente(id,nombre,idtipo_incidente) VALUES ('16','Proceso de uso de la nutrición','7');
INSERT INTO subtipopadre_incidente(id,nombre,idtipo_incidente) VALUES ('17','Problema','7');
INSERT INTO subtipopadre_incidente(id,nombre,idtipo_incidente) VALUES ('18','Oxígeno/gases/vapores','8');
INSERT INTO subtipopadre_incidente(id,nombre,idtipo_incidente) VALUES ('19','Proceso de uso del oxígeno/gases/vapores','8');
INSERT INTO subtipopadre_incidente(id,nombre,idtipo_incidente) VALUES ('20','Problema','8');
INSERT INTO subtipopadre_incidente(id,nombre,idtipo_incidente) VALUES ('21','Tipo de dispositivo/equipo/bien','9');
INSERT INTO subtipopadre_incidente(id,nombre,idtipo_incidente) VALUES ('22','Problema','9');
INSERT INTO subtipopadre_incidente(id,nombre,idtipo_incidente) VALUES ('23','Del personal','10');
INSERT INTO subtipopadre_incidente(id,nombre,idtipo_incidente) VALUES ('24','Del paciente','10');
INSERT INTO subtipopadre_incidente(id,nombre,idtipo_incidente) VALUES ('25','Fuerza no penetrante','11');
INSERT INTO subtipopadre_incidente(id,nombre,idtipo_incidente) VALUES ('26','Fuerza punzante/penetrante','11');
INSERT INTO subtipopadre_incidente(id,nombre,idtipo_incidente) VALUES ('27','Otra fuerza mecánica','11');
INSERT INTO subtipopadre_incidente(id,nombre,idtipo_incidente) VALUES ('28','Mecanismo térmico','11');
INSERT INTO subtipopadre_incidente(id,nombre,idtipo_incidente) VALUES ('29','Amenaza a la respiración','11');
INSERT INTO subtipopadre_incidente(id,nombre,idtipo_incidente) VALUES ('30','Exposición a productos químicos u otras sustancias','11');
INSERT INTO subtipopadre_incidente(id,nombre,idtipo_incidente) VALUES ('31','Otro mecanismo de lesión especificado','11');
INSERT INTO subtipopadre_incidente(id,nombre,idtipo_incidente) VALUES ('32','Exposición al efecto de fenómenos meteorológicos, catástrofes naturales u otras fuerzas de la naturaleza','11');
INSERT INTO subtipopadre_incidente(id,nombre,idtipo_incidente) VALUES ('33','Caídas','11');
INSERT INTO subtipopadre_incidente(id,nombre,idtipo_incidente) VALUES ('34','Estructura/local/instalación en cuestión','12');
INSERT INTO subtipopadre_incidente(id,nombre,idtipo_incidente) VALUES ('35','Problema','12');
INSERT INTO subtipopadre_incidente(id,nombre,idtipo_incidente) VALUES ('36','Recursos/gestión de la organización','13');

/****SUBTIPO HIJO DE INCIDENTE *****/INSERT INTO subtipohijo_incidente(id,nombre,idsubtipopadre_incidente) VALUES ('1','Relevo de equipo asistencial','1');
INSERT INTO subtipohijo_incidente(id,nombre,idsubtipopadre_incidente) VALUES ('2','Cita','1');
INSERT INTO subtipohijo_incidente(id,nombre,idsubtipopadre_incidente) VALUES ('3','Lista de espera','1');
INSERT INTO subtipohijo_incidente(id,nombre,idsubtipopadre_incidente) VALUES ('4','Derivación/interconsulta','1');
INSERT INTO subtipohijo_incidente(id,nombre,idsubtipopadre_incidente) VALUES ('5','Ingreso','1');
INSERT INTO subtipohijo_incidente(id,nombre,idsubtipopadre_incidente) VALUES ('6','Alta','1');
INSERT INTO subtipohijo_incidente(id,nombre,idsubtipopadre_incidente) VALUES ('7','Traspaso asistencial','1');
INSERT INTO subtipohijo_incidente(id,nombre,idsubtipopadre_incidente) VALUES ('8','Respuesta a una urgencia','1');
INSERT INTO subtipohijo_incidente(id,nombre,idsubtipopadre_incidente) VALUES ('9','Asignación de tareas','1');
INSERT INTO subtipohijo_incidente(id,nombre,idsubtipopadre_incidente) VALUES ('10','Consentimiento','1');
INSERT INTO subtipohijo_incidente(id,nombre,idsubtipopadre_incidente) VALUES ('11','Identificación del paciente','1');
INSERT INTO subtipohijo_incidente(id,nombre,idsubtipopadre_incidente) VALUES ('12','No se hizo cuando estaba indicado','2');
INSERT INTO subtipohijo_incidente(id,nombre,idsubtipopadre_incidente) VALUES ('13','Incompleto/inadecuado','2');
INSERT INTO subtipohijo_incidente(id,nombre,idsubtipopadre_incidente) VALUES ('14','No disponible','2');
INSERT INTO subtipohijo_incidente(id,nombre,idsubtipopadre_incidente) VALUES ('15','Paciente erróneo','2');
INSERT INTO subtipohijo_incidente(id,nombre,idsubtipopadre_incidente) VALUES ('16','Proceso/servicio erróneo','2');
INSERT INTO subtipohijo_incidente(id,nombre,idsubtipopadre_incidente) VALUES ('17','Cribado/prevención/reconocimiento','3');
INSERT INTO subtipohijo_incidente(id,nombre,idsubtipopadre_incidente) VALUES ('18','sistemático','3');
INSERT INTO subtipohijo_incidente(id,nombre,idsubtipopadre_incidente) VALUES ('19','Diagnóstico/evaluación','3');
INSERT INTO subtipohijo_incidente(id,nombre,idsubtipopadre_incidente) VALUES ('20','Procedimiento/tratamiento/intervención','3');
INSERT INTO subtipohijo_incidente(id,nombre,idsubtipopadre_incidente) VALUES ('21','Atención/tratamiento general','3');
INSERT INTO subtipohijo_incidente(id,nombre,idsubtipopadre_incidente) VALUES ('22','Análisis/pruebas','3');
INSERT INTO subtipohijo_incidente(id,nombre,idsubtipopadre_incidente) VALUES ('23','Muestras/resultados','3');
INSERT INTO subtipohijo_incidente(id,nombre,idsubtipopadre_incidente) VALUES ('24','Confinamiento/restricción física','3');
INSERT INTO subtipohijo_incidente(id,nombre,idsubtipopadre_incidente) VALUES ('25','No se hizo cuando estaba indicado','4');
INSERT INTO subtipohijo_incidente(id,nombre,idsubtipopadre_incidente) VALUES ('26','Incompleto/inadecuado','4');
INSERT INTO subtipohijo_incidente(id,nombre,idsubtipopadre_incidente) VALUES ('27','No disponible','4');
INSERT INTO subtipohijo_incidente(id,nombre,idsubtipopadre_incidente) VALUES ('28','Paciente erróneo','4');
INSERT INTO subtipohijo_incidente(id,nombre,idsubtipopadre_incidente) VALUES ('29','Proceso/tratamiento/procedimiento erróneo','4');
INSERT INTO subtipohijo_incidente(id,nombre,idsubtipopadre_incidente) VALUES ('30','Parte/lado/lugar del cuerpo erróneo','4');
INSERT INTO subtipohijo_incidente(id,nombre,idsubtipopadre_incidente) VALUES ('31','Pedidos/solicitudes','5');
INSERT INTO subtipohijo_incidente(id,nombre,idsubtipopadre_incidente) VALUES ('32','Hojas de evolución/historias','5');
INSERT INTO subtipohijo_incidente(id,nombre,idsubtipopadre_incidente) VALUES ('33','clínicas/evaluaciones/interconsultas','5');
INSERT INTO subtipohijo_incidente(id,nombre,idsubtipopadre_incidente) VALUES ('34','Listas de comprobación','5');
INSERT INTO subtipohijo_incidente(id,nombre,idsubtipopadre_incidente) VALUES ('35','Formularios/certificados','5');
INSERT INTO subtipohijo_incidente(id,nombre,idsubtipopadre_incidente) VALUES ('36','Instrucciones/información/políticas/procedimientos/directrices','5');
INSERT INTO subtipohijo_incidente(id,nombre,idsubtipopadre_incidente) VALUES ('37','Etiquetas/adhesivos/pulseras de identificación/tarjetas','5');
INSERT INTO subtipohijo_incidente(id,nombre,idsubtipopadre_incidente) VALUES ('38','Cartas/correos electrónicos/registros de comunicación','5');
INSERT INTO subtipohijo_incidente(id,nombre,idsubtipopadre_incidente) VALUES ('39','Informes/resultados/imágenes','5');
INSERT INTO subtipohijo_incidente(id,nombre,idsubtipopadre_incidente) VALUES ('40','Documento ausente o no disponible','6');
INSERT INTO subtipohijo_incidente(id,nombre,idsubtipopadre_incidente) VALUES ('41','Demora en el acceso al documento','6');
INSERT INTO subtipohijo_incidente(id,nombre,idsubtipopadre_incidente) VALUES ('42','Documento para un paciente erróneo o documento erróneo','6');
INSERT INTO subtipohijo_incidente(id,nombre,idsubtipopadre_incidente) VALUES ('43','Información del documento poco clara/ambigua/ilegible/incompleta','6');
INSERT INTO subtipohijo_incidente(id,nombre,idsubtipopadre_incidente) VALUES ('44','Bacteria','7');
INSERT INTO subtipohijo_incidente(id,nombre,idsubtipopadre_incidente) VALUES ('45','Virus','7');
INSERT INTO subtipohijo_incidente(id,nombre,idsubtipopadre_incidente) VALUES ('46','Hongo','7');
INSERT INTO subtipohijo_incidente(id,nombre,idsubtipopadre_incidente) VALUES ('47','Parásito','7');
INSERT INTO subtipohijo_incidente(id,nombre,idsubtipopadre_incidente) VALUES ('48','Protozoo','7');
INSERT INTO subtipohijo_incidente(id,nombre,idsubtipopadre_incidente) VALUES ('49','Rickettsia','7');
INSERT INTO subtipohijo_incidente(id,nombre,idsubtipopadre_incidente) VALUES ('50','Prion','7');
INSERT INTO subtipohijo_incidente(id,nombre,idsubtipopadre_incidente) VALUES ('51','Microorganismo causal no identificado','7');
INSERT INTO subtipohijo_incidente(id,nombre,idsubtipopadre_incidente) VALUES ('52','Torrente sanguíneo','8');
INSERT INTO subtipohijo_incidente(id,nombre,idsubtipopadre_incidente) VALUES ('53','Sitio quirúrgico','8');
INSERT INTO subtipohijo_incidente(id,nombre,idsubtipopadre_incidente) VALUES ('54','Absceso','8');
INSERT INTO subtipohijo_incidente(id,nombre,idsubtipopadre_incidente) VALUES ('55','Neumonía','8');
INSERT INTO subtipohijo_incidente(id,nombre,idsubtipopadre_incidente) VALUES ('56','Cánulas intravasculares','8');
INSERT INTO subtipohijo_incidente(id,nombre,idsubtipopadre_incidente) VALUES ('57','Prótesis/sitio infectado','8');
INSERT INTO subtipohijo_incidente(id,nombre,idsubtipopadre_incidente) VALUES ('58','Sonda/drenaje urinario','8');
INSERT INTO subtipohijo_incidente(id,nombre,idsubtipopadre_incidente) VALUES ('59','Tejidos blandos','8');
INSERT INTO subtipohijo_incidente(id,nombre,idsubtipopadre_incidente) VALUES ('60','Lista de la medicación','9');
INSERT INTO subtipohijo_incidente(id,nombre,idsubtipopadre_incidente) VALUES ('61','Lista de líquidos para la administración i.v.','9');
INSERT INTO subtipohijo_incidente(id,nombre,idsubtipopadre_incidente) VALUES ('62','Prescripción','10');
INSERT INTO subtipohijo_incidente(id,nombre,idsubtipopadre_incidente) VALUES ('63','Preparación/dispensación','10');
INSERT INTO subtipohijo_incidente(id,nombre,idsubtipopadre_incidente) VALUES ('64','Presentación/envasado','10');
INSERT INTO subtipohijo_incidente(id,nombre,idsubtipopadre_incidente) VALUES ('65','Distribución','10');
INSERT INTO subtipohijo_incidente(id,nombre,idsubtipopadre_incidente) VALUES ('66','Administración','10');
INSERT INTO subtipohijo_incidente(id,nombre,idsubtipopadre_incidente) VALUES ('67','Suministro/pedido','10');
INSERT INTO subtipohijo_incidente(id,nombre,idsubtipopadre_incidente) VALUES ('68','Conservación','10');
INSERT INTO subtipohijo_incidente(id,nombre,idsubtipopadre_incidente) VALUES ('69','Supervisión','10');
INSERT INTO subtipohijo_incidente(id,nombre,idsubtipopadre_incidente) VALUES ('70','Paciente erróneo','11');
INSERT INTO subtipohijo_incidente(id,nombre,idsubtipopadre_incidente) VALUES ('71','Medicamento erróneo','11');
INSERT INTO subtipohijo_incidente(id,nombre,idsubtipopadre_incidente) VALUES ('72','Dosis o frecuencia errónea','11');
INSERT INTO subtipohijo_incidente(id,nombre,idsubtipopadre_incidente) VALUES ('73','Forma galénica o presentación errónea','11');
INSERT INTO subtipohijo_incidente(id,nombre,idsubtipopadre_incidente) VALUES ('74','Vía errónea','11');
INSERT INTO subtipohijo_incidente(id,nombre,idsubtipopadre_incidente) VALUES ('75','Cantidad errónea','11');
INSERT INTO subtipohijo_incidente(id,nombre,idsubtipopadre_incidente) VALUES ('76','Información/instrucciones de dispensación erróneas','11');
INSERT INTO subtipohijo_incidente(id,nombre,idsubtipopadre_incidente) VALUES ('77','Contraindicación','11');
INSERT INTO subtipohijo_incidente(id,nombre,idsubtipopadre_incidente) VALUES ('78','Condiciones de conservación inadecuadas','11');
INSERT INTO subtipohijo_incidente(id,nombre,idsubtipopadre_incidente) VALUES ('79','Omisión de medicamento o de dosis','11');
INSERT INTO subtipohijo_incidente(id,nombre,idsubtipopadre_incidente) VALUES ('80','Medicamento caducado','11');
INSERT INTO subtipohijo_incidente(id,nombre,idsubtipopadre_incidente) VALUES ('81','Reacción adversa al medicamento','11');
INSERT INTO subtipohijo_incidente(id,nombre,idsubtipopadre_incidente) VALUES ('82','Productos celulares','12');
INSERT INTO subtipohijo_incidente(id,nombre,idsubtipopadre_incidente) VALUES ('83','Factores de la coagulación','12');
INSERT INTO subtipohijo_incidente(id,nombre,idsubtipopadre_incidente) VALUES ('84','Albúmina/proteínas plasmáticas','12');
INSERT INTO subtipohijo_incidente(id,nombre,idsubtipopadre_incidente) VALUES ('85','Inmunoglobulinas','12');
INSERT INTO subtipohijo_incidente(id,nombre,idsubtipopadre_incidente) VALUES ('86','Pruebas pretransfusionales','13');
INSERT INTO subtipohijo_incidente(id,nombre,idsubtipopadre_incidente) VALUES ('87','Prescripción','13');
INSERT INTO subtipohijo_incidente(id,nombre,idsubtipopadre_incidente) VALUES ('88','Preparación/dispensación','13');
INSERT INTO subtipohijo_incidente(id,nombre,idsubtipopadre_incidente) VALUES ('89','Distribución','13');
INSERT INTO subtipohijo_incidente(id,nombre,idsubtipopadre_incidente) VALUES ('90','Administración','13');
INSERT INTO subtipohijo_incidente(id,nombre,idsubtipopadre_incidente) VALUES ('91','Conservación','13');
INSERT INTO subtipohijo_incidente(id,nombre,idsubtipopadre_incidente) VALUES ('92','Supervisión','13');
INSERT INTO subtipohijo_incidente(id,nombre,idsubtipopadre_incidente) VALUES ('93','Presentación/envasado','13');
INSERT INTO subtipohijo_incidente(id,nombre,idsubtipopadre_incidente) VALUES ('94','Suministro/pedido','13');
INSERT INTO subtipohijo_incidente(id,nombre,idsubtipopadre_incidente) VALUES ('95','Paciente erróneo','14');
INSERT INTO subtipohijo_incidente(id,nombre,idsubtipopadre_incidente) VALUES ('96','Sangre/producto sanguíneo erróneo','14');
INSERT INTO subtipohijo_incidente(id,nombre,idsubtipopadre_incidente) VALUES ('97','Dosis o frecuencia errónea','14');
INSERT INTO subtipohijo_incidente(id,nombre,idsubtipopadre_incidente) VALUES ('98','Cantidad errónea','14');
INSERT INTO subtipohijo_incidente(id,nombre,idsubtipopadre_incidente) VALUES ('99','Información/instrucciones de dispensación erróneas','14');
INSERT INTO subtipohijo_incidente(id,nombre,idsubtipopadre_incidente) VALUES ('100','Contraindicación','14');
INSERT INTO subtipohijo_incidente(id,nombre,idsubtipopadre_incidente) VALUES ('101','Condiciones de conservación inadecuadas','14');
INSERT INTO subtipohijo_incidente(id,nombre,idsubtipopadre_incidente) VALUES ('102','Omisión de medicamento o dosis','14');
INSERT INTO subtipohijo_incidente(id,nombre,idsubtipopadre_incidente) VALUES ('103','Sangre/producto sanguíneo caducado','14');
INSERT INTO subtipohijo_incidente(id,nombre,idsubtipopadre_incidente) VALUES ('104','Efecto adverso','14');
INSERT INTO subtipohijo_incidente(id,nombre,idsubtipopadre_incidente) VALUES ('105','Dieta general','15');
INSERT INTO subtipohijo_incidente(id,nombre,idsubtipopadre_incidente) VALUES ('106','Dieta especial','15');
INSERT INTO subtipohijo_incidente(id,nombre,idsubtipopadre_incidente) VALUES ('107','Prescripción/ solicitud','16');
INSERT INTO subtipohijo_incidente(id,nombre,idsubtipopadre_incidente) VALUES ('108','Preparación/fabricación/cocinado','16');
INSERT INTO subtipohijo_incidente(id,nombre,idsubtipopadre_incidente) VALUES ('109','Suministro/pedido','16');
INSERT INTO subtipohijo_incidente(id,nombre,idsubtipopadre_incidente) VALUES ('110','Presentación','16');
INSERT INTO subtipohijo_incidente(id,nombre,idsubtipopadre_incidente) VALUES ('111','Dispensación/asignación','16');
INSERT INTO subtipohijo_incidente(id,nombre,idsubtipopadre_incidente) VALUES ('112','Distribución','16');
INSERT INTO subtipohijo_incidente(id,nombre,idsubtipopadre_incidente) VALUES ('113','Administración','16');
INSERT INTO subtipohijo_incidente(id,nombre,idsubtipopadre_incidente) VALUES ('114','Conservación','16');
INSERT INTO subtipohijo_incidente(id,nombre,idsubtipopadre_incidente) VALUES ('115','Paciente erróneo','17');
INSERT INTO subtipohijo_incidente(id,nombre,idsubtipopadre_incidente) VALUES ('116','Dieta errónea','17');
INSERT INTO subtipohijo_incidente(id,nombre,idsubtipopadre_incidente) VALUES ('117','Cantidad errónea','17');
INSERT INTO subtipohijo_incidente(id,nombre,idsubtipopadre_incidente) VALUES ('118','Frecuencia errónea','17');
INSERT INTO subtipohijo_incidente(id,nombre,idsubtipopadre_incidente) VALUES ('119','Consistencia errónea','17');
INSERT INTO subtipohijo_incidente(id,nombre,idsubtipopadre_incidente) VALUES ('120','Condiciones de conservación inadecuadas','17');
INSERT INTO subtipohijo_incidente(id,nombre,idsubtipopadre_incidente) VALUES ('121','Lista de oxígeno/gases/vapores','18');
INSERT INTO subtipohijo_incidente(id,nombre,idsubtipopadre_incidente) VALUES ('122','Etiquetado de la botella/código de colores/estribo de seguridad','19');
INSERT INTO subtipohijo_incidente(id,nombre,idsubtipopadre_incidente) VALUES ('123','Prescripción','19');
INSERT INTO subtipohijo_incidente(id,nombre,idsubtipopadre_incidente) VALUES ('124','Administración','19');
INSERT INTO subtipohijo_incidente(id,nombre,idsubtipopadre_incidente) VALUES ('125','Distribución','19');
INSERT INTO subtipohijo_incidente(id,nombre,idsubtipopadre_incidente) VALUES ('126','Suministro/pedido','19');
INSERT INTO subtipohijo_incidente(id,nombre,idsubtipopadre_incidente) VALUES ('127','Conservación','19');
INSERT INTO subtipohijo_incidente(id,nombre,idsubtipopadre_incidente) VALUES ('128','Paciente erróneo','20');
INSERT INTO subtipohijo_incidente(id,nombre,idsubtipopadre_incidente) VALUES ('129','Gas/vapor erróneo','20');
INSERT INTO subtipohijo_incidente(id,nombre,idsubtipopadre_incidente) VALUES ('130','Velocidad/concentración/caudal erróneo','20');
INSERT INTO subtipohijo_incidente(id,nombre,idsubtipopadre_incidente) VALUES ('131','Modo de administración erróneo','20');
INSERT INTO subtipohijo_incidente(id,nombre,idsubtipopadre_incidente) VALUES ('132','Contraindicación','20');
INSERT INTO subtipohijo_incidente(id,nombre,idsubtipopadre_incidente) VALUES ('133','Condiciones de conservación inadecuadas','20');
INSERT INTO subtipohijo_incidente(id,nombre,idsubtipopadre_incidente) VALUES ('134','Ausencia de administración','20');
INSERT INTO subtipohijo_incidente(id,nombre,idsubtipopadre_incidente) VALUES ('135','Contaminación','20');
INSERT INTO subtipohijo_incidente(id,nombre,idsubtipopadre_incidente) VALUES ('136','Lista de dispositivos
 médicos/equipos/bienes','21');
INSERT INTO subtipohijo_incidente(id,nombre,idsubtipopadre_incidente) VALUES ('137','Presentación/envasado deficiente','22');
INSERT INTO subtipohijo_incidente(id,nombre,idsubtipopadre_incidente) VALUES ('138','Falta de disponibilidad','22');
INSERT INTO subtipohijo_incidente(id,nombre,idsubtipopadre_incidente) VALUES ('139','Inadecuación a la tarea','22');
INSERT INTO subtipohijo_incidente(id,nombre,idsubtipopadre_incidente) VALUES ('140','Sucio/no estéril','22');
INSERT INTO subtipohijo_incidente(id,nombre,idsubtipopadre_incidente) VALUES ('141','Avería/mal funcionamiento','22');
INSERT INTO subtipohijo_incidente(id,nombre,idsubtipopadre_incidente) VALUES ('142','Desplazamiento/conexión
 incorrecta/retirada','22');
INSERT INTO subtipohijo_incidente(id,nombre,idsubtipopadre_incidente) VALUES ('143','Error del usuario','22');
INSERT INTO subtipohijo_incidente(id,nombre,idsubtipopadre_incidente) VALUES ('144','Incumplidor/no colaborador/obstructivo','23');
INSERT INTO subtipohijo_incidente(id,nombre,idsubtipopadre_incidente) VALUES ('145','Desconsiderado/grosero/hostil/inapropiado','23');
INSERT INTO subtipohijo_incidente(id,nombre,idsubtipopadre_incidente) VALUES ('146','Arriesgado/imprudente/peligroso','23');
INSERT INTO subtipohijo_incidente(id,nombre,idsubtipopadre_incidente) VALUES ('147','Problema de uso/abuso de sustancias','23');
INSERT INTO subtipohijo_incidente(id,nombre,idsubtipopadre_incidente) VALUES ('148','Acoso','23');
INSERT INTO subtipohijo_incidente(id,nombre,idsubtipopadre_incidente) VALUES ('149','Discriminación/prejuicio','23');
INSERT INTO subtipohijo_incidente(id,nombre,idsubtipopadre_incidente) VALUES ('150','Vagabundeo/fugas','23');
INSERT INTO subtipohijo_incidente(id,nombre,idsubtipopadre_incidente) VALUES ('151','Autolesión deliberada/suicidio','23');
INSERT INTO subtipohijo_incidente(id,nombre,idsubtipopadre_incidente) VALUES ('152','Agresión verbal','23');
INSERT INTO subtipohijo_incidente(id,nombre,idsubtipopadre_incidente) VALUES ('153','Agresión física','23');
INSERT INTO subtipohijo_incidente(id,nombre,idsubtipopadre_incidente) VALUES ('154','Agresión sexual','23');
INSERT INTO subtipohijo_incidente(id,nombre,idsubtipopadre_incidente) VALUES ('155','Agresión a objeto inanimado','23');
INSERT INTO subtipohijo_incidente(id,nombre,idsubtipopadre_incidente) VALUES ('156','Amenaza de muerte','23');
INSERT INTO subtipohijo_incidente(id,nombre,idsubtipopadre_incidente) VALUES ('157','Incumplidor/no colaborador/obstructivo','24');
INSERT INTO subtipohijo_incidente(id,nombre,idsubtipopadre_incidente) VALUES ('158','Desconsiderado/grosero/hostil/inapropiado','24');
INSERT INTO subtipohijo_incidente(id,nombre,idsubtipopadre_incidente) VALUES ('159','Arriesgado/imprudente/peligroso','24');
INSERT INTO subtipohijo_incidente(id,nombre,idsubtipopadre_incidente) VALUES ('160','Problema de uso/abuso de sustancias','24');
INSERT INTO subtipohijo_incidente(id,nombre,idsubtipopadre_incidente) VALUES ('161','Acoso','24');
INSERT INTO subtipohijo_incidente(id,nombre,idsubtipopadre_incidente) VALUES ('162','Discriminación/prejuicio','24');
INSERT INTO subtipohijo_incidente(id,nombre,idsubtipopadre_incidente) VALUES ('163','Vagabundeo/fugas','24');
INSERT INTO subtipohijo_incidente(id,nombre,idsubtipopadre_incidente) VALUES ('164','Autolesión deliberada/suicidio','24');
INSERT INTO subtipohijo_incidente(id,nombre,idsubtipopadre_incidente) VALUES ('165','Agresión verbal','24');
INSERT INTO subtipohijo_incidente(id,nombre,idsubtipopadre_incidente) VALUES ('166','Agresión física','24');
INSERT INTO subtipohijo_incidente(id,nombre,idsubtipopadre_incidente) VALUES ('167','Agresión sexual','24');
INSERT INTO subtipohijo_incidente(id,nombre,idsubtipopadre_incidente) VALUES ('168','Agresión a objeto inanimado','24');
INSERT INTO subtipohijo_incidente(id,nombre,idsubtipopadre_incidente) VALUES ('169','Amenaza de muerte','24');
INSERT INTO subtipohijo_incidente(id,nombre,idsubtipopadre_incidente) VALUES ('170','Contacto con objeto o animal','25');
INSERT INTO subtipohijo_incidente(id,nombre,idsubtipopadre_incidente) VALUES ('171','Contacto con persona','25');
INSERT INTO subtipohijo_incidente(id,nombre,idsubtipopadre_incidente) VALUES ('172','Aplastamiento','25');
INSERT INTO subtipohijo_incidente(id,nombre,idsubtipopadre_incidente) VALUES ('173','Abrasión/roce','25');
INSERT INTO subtipohijo_incidente(id,nombre,idsubtipopadre_incidente) VALUES ('174','Rasguño/corte/desgarro/sección','26');
INSERT INTO subtipohijo_incidente(id,nombre,idsubtipopadre_incidente) VALUES ('175','Pinchazo/herida punzante','26');
INSERT INTO subtipohijo_incidente(id,nombre,idsubtipopadre_incidente) VALUES ('176','Mordedura/picadura/inoculación de veneno de animal','26');
INSERT INTO subtipohijo_incidente(id,nombre,idsubtipopadre_incidente) VALUES ('177','Otra fuerza punzante/penetrante especificada','26');
INSERT INTO subtipohijo_incidente(id,nombre,idsubtipopadre_incidente) VALUES ('178','Afectado por una explosión','27');
INSERT INTO subtipohijo_incidente(id,nombre,idsubtipopadre_incidente) VALUES ('179','Contacto con maquinaria','27');
INSERT INTO subtipohijo_incidente(id,nombre,idsubtipopadre_incidente) VALUES ('180','Calor excesivo/fuego','28');
INSERT INTO subtipohijo_incidente(id,nombre,idsubtipopadre_incidente) VALUES ('181','Frío excesivo/congelación','28');
INSERT INTO subtipohijo_incidente(id,nombre,idsubtipopadre_incidente) VALUES ('182','Amenaza mecánica para la respiración','29');
INSERT INTO subtipohijo_incidente(id,nombre,idsubtipopadre_incidente) VALUES ('183','Ahogamiento/cuasi ahogamiento','29');
INSERT INTO subtipohijo_incidente(id,nombre,idsubtipopadre_incidente) VALUES ('184','Reclusión en lugar con falta de oxígeno','29');
INSERT INTO subtipohijo_incidente(id,nombre,idsubtipopadre_incidente) VALUES ('185','Intoxicación por producto químico u otra sustancia','30');
INSERT INTO subtipohijo_incidente(id,nombre,idsubtipopadre_incidente) VALUES ('186','Corrosión por producto químico u otra sustancia','30');
INSERT INTO subtipohijo_incidente(id,nombre,idsubtipopadre_incidente) VALUES ('187','Exposición a electricidad/radiación','31');
INSERT INTO subtipohijo_incidente(id,nombre,idsubtipopadre_incidente) VALUES ('188','Exposición a sonido/vibración','31');
INSERT INTO subtipohijo_incidente(id,nombre,idsubtipopadre_incidente) VALUES ('189','Exposición a presión de aire','31');
INSERT INTO subtipohijo_incidente(id,nombre,idsubtipopadre_incidente) VALUES ('190','Exposición a gravedad baja','31');
INSERT INTO subtipohijo_incidente(id,nombre,idsubtipopadre_incidente) VALUES ('191','-','32');
INSERT INTO subtipohijo_incidente(id,nombre,idsubtipopadre_incidente) VALUES ('192','Tipo de caída','33');
INSERT INTO subtipohijo_incidente(id,nombre,idsubtipopadre_incidente) VALUES ('193','Elemento implicado en la caída','33');
INSERT INTO subtipohijo_incidente(id,nombre,idsubtipopadre_incidente) VALUES ('194','Lista de estructuras','34');
INSERT INTO subtipohijo_incidente(id,nombre,idsubtipopadre_incidente) VALUES ('195','Lista de locales','34');
INSERT INTO subtipohijo_incidente(id,nombre,idsubtipopadre_incidente) VALUES ('196','Lista de instalaciones','34');
INSERT INTO subtipohijo_incidente(id,nombre,idsubtipopadre_incidente) VALUES ('197','Inexistente/inadecuado','35');
INSERT INTO subtipohijo_incidente(id,nombre,idsubtipopadre_incidente) VALUES ('198','Dañado/defectuoso/desgastado','35');
INSERT INTO subtipohijo_incidente(id,nombre,idsubtipopadre_incidente) VALUES ('199','Adaptación de la gestión de la carga de trabajo','36');
INSERT INTO subtipohijo_incidente(id,nombre,idsubtipopadre_incidente) VALUES ('200','Disponibilidad/idoneidad de camas/servicios','36');
INSERT INTO subtipohijo_incidente(id,nombre,idsubtipopadre_incidente) VALUES ('201','Disponibilidad/idoneidad de recursos humanos/personal','36');
INSERT INTO subtipohijo_incidente(id,nombre,idsubtipopadre_incidente) VALUES ('202','Organización de equipos/personas','36');
INSERT INTO subtipohijo_incidente(id,nombre,idsubtipopadre_incidente) VALUES ('203','Disponibilidad/idoneidad de','36');
INSERT INTO subtipohijo_incidente(id,nombre,idsubtipopadre_incidente) VALUES ('204','protocolos/políticas/procedimientos/directrices','36');

/****SUBTIPO NIETO DE INCIDENTE *****/
INSERT INTO subtiponieto_incidente(id,nombre,idsubtipohijo_incidente) VALUES ('1','Tropezón/traspié','192');
INSERT INTO subtiponieto_incidente(id,nombre,idsubtipohijo_incidente) VALUES ('2','Resbalón','192');
INSERT INTO subtiponieto_incidente(id,nombre,idsubtipohijo_incidente) VALUES ('3','Desmayo','192');
INSERT INTO subtiponieto_incidente(id,nombre,idsubtipohijo_incidente) VALUES ('4','Pérdida de equilibrio','192');
INSERT INTO subtiponieto_incidente(id,nombre,idsubtipohijo_incidente) VALUES ('5','Cuna','193');
INSERT INTO subtiponieto_incidente(id,nombre,idsubtipohijo_incidente) VALUES ('6','Cama','193');
INSERT INTO subtiponieto_incidente(id,nombre,idsubtipohijo_incidente) VALUES ('7','Silla','193');
INSERT INTO subtiponieto_incidente(id,nombre,idsubtipohijo_incidente) VALUES ('8','Camilla','193');
INSERT INTO subtiponieto_incidente(id,nombre,idsubtipohijo_incidente) VALUES ('9','Inodoro','193');
INSERT INTO subtiponieto_incidente(id,nombre,idsubtipohijo_incidente) VALUES ('10','Equipo terapéutico','193');
INSERT INTO subtiponieto_incidente(id,nombre,idsubtipohijo_incidente) VALUES ('11','Escaleras/escalones','193');
INSERT INTO subtiponieto_incidente(id,nombre,idsubtipohijo_incidente) VALUES ('12','Transporte/sujeción','193');
INSERT INTO subtiponieto_incidente(id,nombre,idsubtipohijo_incidente) VALUES ('13','por otra persona','193');

/****FRECUENCIA DE INCIDENTE *****/
INSERT INTO frecuencia_incidente (id,nombre) VALUES ('1','Primera vez');
INSERT INTO frecuencia_incidente (id,nombre) VALUES ('2','Reincidente');

/**** GRADO DE DAÑO *****/
INSERT INTO grado_danho (id,nombre) VALUES ('1','Ninguno');
INSERT INTO grado_danho (id,nombre) VALUES ('2','Leve');
INSERT INTO grado_danho (id,nombre) VALUES ('3','Moderado');
INSERT INTO grado_danho (id,nombre) VALUES ('4','Grave');
INSERT INTO grado_danho (id,nombre) VALUES ('5','Muerte');

/**** PERSONAS IMPLICADAS ****/
INSERT INTO personas_implicadas (id,nombre) VALUES ('1','Profesional sanitario');
INSERT INTO personas_implicadas (id,nombre) VALUES ('2','Familiar');
INSERT INTO personas_implicadas (id,nombre) VALUES ('3','Voluntario');
INSERT INTO personas_implicadas (id,nombre) VALUES ('4','Otro paciente');
INSERT INTO personas_implicadas (id,nombre) VALUES ('5','Tutor');
INSERT INTO personas_implicadas (id,nombre) VALUES ('6','Amigo/visita');
INSERT INTO personas_implicadas (id,nombre) VALUES ('7','Cuidado/auxiliar');
INSERT INTO personas_implicadas (id,nombre) VALUES ('8','Domicilio/asistente');
INSERT INTO personas_implicadas (id,nombre) VALUES ('9','Intérprete/traductor');
INSERT INTO personas_implicadas (id,nombre) VALUES ('10','Trabajador sanitario');
INSERT INTO personas_implicadas (id,nombre) VALUES ('11','Personal de servicios de urgencia');
INSERT INTO personas_implicadas (id,nombre) VALUES ('12','Personal de atención pastoral');

/**** ENTORNO ASISTENCIAL ****/
INSERT INTO entorno_asistencial (id,nombre) VALUES ('1','Atención primaria');
INSERT INTO entorno_asistencial (id,nombre) VALUES ('2','Centro de atención comunitaria');
INSERT INTO entorno_asistencial (id,nombre) VALUES ('3','Servicio de salud mental');
INSERT INTO entorno_asistencial (id,nombre) VALUES ('4','Servicio de discapacidad');
INSERT INTO entorno_asistencial (id,nombre) VALUES ('5','Centro de enfermería');
INSERT INTO entorno_asistencial (id,nombre) VALUES ('6','Farmacia comunitaria');
INSERT INTO entorno_asistencial (id,nombre) VALUES ('7','Atención domiciliaria');
INSERT INTO entorno_asistencial (id,nombre) VALUES ('8','Servicios de transporte (incluidas ambulancias)');
INSERT INTO entorno_asistencial (id,nombre) VALUES ('9','Atención odontológica');
INSERT INTO entorno_asistencial (id,nombre) VALUES ('10','SERVICIOS CLÍNICOS');
INSERT INTO entorno_asistencial (id,nombre) VALUES ('11','Otro');

/**** TIPO SERVICIO ****/
INSERT INTO tipo_servicio (id,nombre) VALUES ('1','Atención primaria');
INSERT INTO tipo_servicio (id,nombre) VALUES ('2','Servicios para pacientes ingresados');
INSERT INTO tipo_servicio (id,nombre) VALUES ('3','Servicios para pacientes ambulatorios');
INSERT INTO tipo_servicio (id,nombre) VALUES ('4','Servicios de salud mental para pacientes ingresados');
INSERT INTO tipo_servicio (id,nombre) VALUES ('5','Servicios de salud mental para pacientes ambulatorios');
INSERT INTO tipo_servicio (id,nombre) VALUES ('6','Servicios de salud mental comunitarios');
INSERT INTO tipo_servicio (id,nombre) VALUES ('7','Servicios para pacientes ingresados');
INSERT INTO tipo_servicio (id,nombre) VALUES ('8','Servicios para pacientes ambulatorios');
INSERT INTO tipo_servicio (id,nombre) VALUES ('9','Centro de enfermería');
INSERT INTO tipo_servicio (id,nombre) VALUES ('10','Farmacia comunitaria');
INSERT INTO tipo_servicio (id,nombre) VALUES ('11','Atención domiciliaria');
INSERT INTO tipo_servicio (id,nombre) VALUES ('12','Servicios de transporte (incluidas ambulancias)');
INSERT INTO tipo_servicio (id,nombre) VALUES ('13','Atención odontológica');
INSERT INTO tipo_servicio (id,nombre) VALUES ('14','Paciente ingresado');
INSERT INTO tipo_servicio (id,nombre) VALUES ('15','Paciente ambulatorio');

/**** ENTORNO ASISTENCIAL x TIPO SERVICIO ****/
INSERT INTO entorno_asistencialxtipo_servicio (id,identorno,idtipo) VALUES ('1','1','1');
INSERT INTO entorno_asistencialxtipo_servicio (id,identorno,idtipo) VALUES ('2','2','2');
INSERT INTO entorno_asistencialxtipo_servicio (id,identorno,idtipo) VALUES ('3','2','3');
INSERT INTO entorno_asistencialxtipo_servicio (id,identorno,idtipo) VALUES ('4','3','4');
INSERT INTO entorno_asistencialxtipo_servicio (id,identorno,idtipo) VALUES ('5','3','5');
INSERT INTO entorno_asistencialxtipo_servicio (id,identorno,idtipo) VALUES ('6','3','6');
INSERT INTO entorno_asistencialxtipo_servicio (id,identorno,idtipo) VALUES ('7','4','7');
INSERT INTO entorno_asistencialxtipo_servicio (id,identorno,idtipo) VALUES ('8','4','8');
INSERT INTO entorno_asistencialxtipo_servicio (id,identorno,idtipo) VALUES ('9','5','9');
INSERT INTO entorno_asistencialxtipo_servicio (id,identorno,idtipo) VALUES ('10','6','10');
INSERT INTO entorno_asistencialxtipo_servicio (id,identorno,idtipo) VALUES ('11','7','11');
INSERT INTO entorno_asistencialxtipo_servicio (id,identorno,idtipo) VALUES ('12','8','12');
INSERT INTO entorno_asistencialxtipo_servicio (id,identorno,idtipo) VALUES ('13','9','13');
INSERT INTO entorno_asistencialxtipo_servicio (id,identorno,idtipo) VALUES ('14','10','14');
INSERT INTO entorno_asistencialxtipo_servicio (id,identorno,idtipo) VALUES ('15','10','15');

/**** ETAPA SERVICIO ****/
INSERT INTO etapa_servicio (id,nombre,identornoxtipo) VALUES ('1','Antes de la consulta','1');
INSERT INTO etapa_servicio (id,nombre,identornoxtipo) VALUES ('2','Durante la consulta','1');
INSERT INTO etapa_servicio (id,nombre,identornoxtipo) VALUES ('3','Después de la consulta','1');
INSERT INTO etapa_servicio (id,nombre,identornoxtipo) VALUES ('4','Derivación/interconsulta','1');
INSERT INTO etapa_servicio (id,nombre,identornoxtipo) VALUES ('5','Traspaso asistencial','1');
INSERT INTO etapa_servicio (id,nombre,identornoxtipo) VALUES ('6','Seguimiento','1');
INSERT INTO etapa_servicio (id,nombre,identornoxtipo) VALUES ('7','Antes del ingreso','2');
INSERT INTO etapa_servicio (id,nombre,identornoxtipo) VALUES ('8','Atención en el momento del ingreso','2');
INSERT INTO etapa_servicio (id,nombre,identornoxtipo) VALUES ('9','Evaluación','2');
INSERT INTO etapa_servicio (id,nombre,identornoxtipo) VALUES ('10','Tratamiento','2');
INSERT INTO etapa_servicio (id,nombre,identornoxtipo) VALUES ('11','Alta','2');
INSERT INTO etapa_servicio (id,nombre,identornoxtipo) VALUES ('12','Después del alta','2');
INSERT INTO etapa_servicio (id,nombre,identornoxtipo) VALUES ('13','Traspaso asistencial','2');
INSERT INTO etapa_servicio (id,nombre,identornoxtipo) VALUES ('14','Antes de la consulta','3');
INSERT INTO etapa_servicio (id,nombre,identornoxtipo) VALUES ('15','Durante la consulta','3');
INSERT INTO etapa_servicio (id,nombre,identornoxtipo) VALUES ('16','Después de la consulta','3');
INSERT INTO etapa_servicio (id,nombre,identornoxtipo) VALUES ('17','Derivación','3');
INSERT INTO etapa_servicio (id,nombre,identornoxtipo) VALUES ('18','Traspaso asistencial','3');
INSERT INTO etapa_servicio (id,nombre,identornoxtipo) VALUES ('19','Antes del ingreso','4');
INSERT INTO etapa_servicio (id,nombre,identornoxtipo) VALUES ('20','Atención en el momento del ingreso','4');
INSERT INTO etapa_servicio (id,nombre,identornoxtipo) VALUES ('21','Evaluación','4');
INSERT INTO etapa_servicio (id,nombre,identornoxtipo) VALUES ('22','Tratamiento','4');
INSERT INTO etapa_servicio (id,nombre,identornoxtipo) VALUES ('23','Alta','4');
INSERT INTO etapa_servicio (id,nombre,identornoxtipo) VALUES ('24','Después del alta','4');
INSERT INTO etapa_servicio (id,nombre,identornoxtipo) VALUES ('25','Traspaso asistencial','4');
INSERT INTO etapa_servicio (id,nombre,identornoxtipo) VALUES ('26','Antes de la consulta','5');
INSERT INTO etapa_servicio (id,nombre,identornoxtipo) VALUES ('27','Durante la consulta','5');
INSERT INTO etapa_servicio (id,nombre,identornoxtipo) VALUES ('28','Después de la consulta','5');
INSERT INTO etapa_servicio (id,nombre,identornoxtipo) VALUES ('29','Derivación','5');
INSERT INTO etapa_servicio (id,nombre,identornoxtipo) VALUES ('30','Traspaso asistencial','5');
INSERT INTO etapa_servicio (id,nombre,identornoxtipo) VALUES ('31','Evaluación','6');
INSERT INTO etapa_servicio (id,nombre,identornoxtipo) VALUES ('32','Tratamiento','6');
INSERT INTO etapa_servicio (id,nombre,identornoxtipo) VALUES ('33','Alta','6');
INSERT INTO etapa_servicio (id,nombre,identornoxtipo) VALUES ('34','Traspaso asistencial','6');
INSERT INTO etapa_servicio (id,nombre,identornoxtipo) VALUES ('35','Antes del ingreso','7');
INSERT INTO etapa_servicio (id,nombre,identornoxtipo) VALUES ('36','Atención en el momento del ingreso','7');
INSERT INTO etapa_servicio (id,nombre,identornoxtipo) VALUES ('37','Evaluación','7');
INSERT INTO etapa_servicio (id,nombre,identornoxtipo) VALUES ('38','Tratamiento','7');
INSERT INTO etapa_servicio (id,nombre,identornoxtipo) VALUES ('39','Alta','7');
INSERT INTO etapa_servicio (id,nombre,identornoxtipo) VALUES ('40','Después del alta','7');
INSERT INTO etapa_servicio (id,nombre,identornoxtipo) VALUES ('41','Traspaso asistencial','7');
INSERT INTO etapa_servicio (id,nombre,identornoxtipo) VALUES ('42','Antes de la consulta','8');
INSERT INTO etapa_servicio (id,nombre,identornoxtipo) VALUES ('43','Durante la consulta','8');
INSERT INTO etapa_servicio (id,nombre,identornoxtipo) VALUES ('44','Después de la consulta','8');
INSERT INTO etapa_servicio (id,nombre,identornoxtipo) VALUES ('45','Derivación','8');
INSERT INTO etapa_servicio (id,nombre,identornoxtipo) VALUES ('46','Traspaso asistencial','8');
INSERT INTO etapa_servicio (id,nombre,identornoxtipo) VALUES ('47','Antes del ingreso','9');
INSERT INTO etapa_servicio (id,nombre,identornoxtipo) VALUES ('48','Atención en el','9');
INSERT INTO etapa_servicio (id,nombre,identornoxtipo) VALUES ('49','momento del ingreso','9');
INSERT INTO etapa_servicio (id,nombre,identornoxtipo) VALUES ('50','Evaluación','9');
INSERT INTO etapa_servicio (id,nombre,identornoxtipo) VALUES ('51','Tratamiento','9');
INSERT INTO etapa_servicio (id,nombre,identornoxtipo) VALUES ('52','Alta','9');
INSERT INTO etapa_servicio (id,nombre,identornoxtipo) VALUES ('53','Después del alta','9');
INSERT INTO etapa_servicio (id,nombre,identornoxtipo) VALUES ('54','Traspaso asistencial','9');
INSERT INTO etapa_servicio (id,nombre,identornoxtipo) VALUES ('55','Evaluación','11');
INSERT INTO etapa_servicio (id,nombre,identornoxtipo) VALUES ('56','Dispensación de atención/medicación','11');
INSERT INTO etapa_servicio (id,nombre,identornoxtipo) VALUES ('57','Tratamiento','11');
INSERT INTO etapa_servicio (id,nombre,identornoxtipo) VALUES ('58','Asesoramiento','11');
INSERT INTO etapa_servicio (id,nombre,identornoxtipo) VALUES ('59','Vigilancia de la situación clínica','11');
INSERT INTO etapa_servicio (id,nombre,identornoxtipo) VALUES ('60','Gestión de las tareas domésticas habituales','11');
INSERT INTO etapa_servicio (id,nombre,identornoxtipo) VALUES ('61','Seguimiento','11');
INSERT INTO etapa_servicio (id,nombre,identornoxtipo) VALUES ('62','Traspaso asistencial','11');
INSERT INTO etapa_servicio (id,nombre,identornoxtipo) VALUES ('63','Antes de la consulta','13');
INSERT INTO etapa_servicio (id,nombre,identornoxtipo) VALUES ('64','Durante la consulta','13');
INSERT INTO etapa_servicio (id,nombre,identornoxtipo) VALUES ('65','Después de la consulta','13');
INSERT INTO etapa_servicio (id,nombre,identornoxtipo) VALUES ('66','Derivación/interconsulta','13');
INSERT INTO etapa_servicio (id,nombre,identornoxtipo) VALUES ('67','Traspaso asistencial','13');
INSERT INTO etapa_servicio (id,nombre,identornoxtipo) VALUES ('68','Seguimiento','13');
INSERT INTO etapa_servicio (id,nombre,identornoxtipo) VALUES ('69','Antes del ingreso','14');
INSERT INTO etapa_servicio (id,nombre,identornoxtipo) VALUES ('70','Atención en el momento del ingreso, incluida la atención preoperatoria','14');
INSERT INTO etapa_servicio (id,nombre,identornoxtipo) VALUES ('71','Atención durante el procedimiento','14');
INSERT INTO etapa_servicio (id,nombre,identornoxtipo) VALUES ('72','Atención postoperatoria inmediata o en UCI o unidad de grandes dependientes','14');
INSERT INTO etapa_servicio (id,nombre,identornoxtipo) VALUES ('73','Atención en planta','14');
INSERT INTO etapa_servicio (id,nombre,identornoxtipo) VALUES ('74','Traspaso asistencial','14');
INSERT INTO etapa_servicio (id,nombre,identornoxtipo) VALUES ('75','Alta','14');
INSERT INTO etapa_servicio (id,nombre,identornoxtipo) VALUES ('76','Después del alta','14');
INSERT INTO etapa_servicio (id,nombre,identornoxtipo) VALUES ('77','Antes de la consulta','15');
INSERT INTO etapa_servicio (id,nombre,identornoxtipo) VALUES ('78','Durante la consulta','15');
INSERT INTO etapa_servicio (id,nombre,identornoxtipo) VALUES ('79','Después de la consulta','15');
INSERT INTO etapa_servicio (id,nombre,identornoxtipo) VALUES ('80','Derivación','15');
INSERT INTO etapa_servicio (id,nombre,identornoxtipo) VALUES ('81','Traspaso asistencial','15');

/**** FACTORES CONTRIBUYENTES ****/
INSERT INTO factores_contribuyentes (id,nombre) VALUES ('1','Factores del personal');
INSERT INTO factores_contribuyentes (id,nombre) VALUES ('2','Factores del paciente');
INSERT INTO factores_contribuyentes (id,nombre) VALUES ('3','Factores laborales/ambientales');
INSERT INTO factores_contribuyentes (id,nombre) VALUES ('4','Factores de la organización/del servicio');
INSERT INTO factores_contribuyentes (id,nombre) VALUES ('5','Factores externos');
INSERT INTO factores_contribuyentes (id,nombre) VALUES ('6','Otros');

/**** PROCESOS ****/
INSERT INTO procesos (id,nombre) VALUES ('1','Reconocimiento del error');
INSERT INTO procesos (id,nombre) VALUES ('2','Por un cambio en el estado del paciente');
INSERT INTO procesos (id,nombre) VALUES ('3','Por una máquina/un sistema/un cambio ambiental/una alarma');
INSERT INTO procesos (id,nombre) VALUES ('4','Por un recuento/una auditoría/una inspección');
INSERT INTO procesos (id,nombre) VALUES ('5','Evaluación proactiva del riesgo');