/**** TIPO DOCUMENTO RIESGOS ****/
INSERT INTO tipo_documento_riesgos (id,nombre) VALUES ('1','Plan anual de reducción de riesgos TS');
INSERT INTO tipo_documento_riesgos (id,nombre) VALUES ('2','Plan anual de reducción de riesgos en bienes');
INSERT INTO tipo_documento_riesgos (id,nombre) VALUES ('3','Plan de calibraciones');
INSERT INTO tipo_documento_riesgos (id,nombre) VALUES ('4','Plan de acciones para mitigación de desastres');
INSERT INTO tipo_documento_riesgos (id,nombre) VALUES ('5','Plan de toma de acciones para mitigación de riesgos por servicio clínico');
INSERT INTO tipo_documento_riesgos (id,nombre) VALUES ('6','Reporte anual de salud ocupacional');
INSERT INTO tipo_documento_riesgos (id,nombre) VALUES ('7','Reporte de Investigación, toma de acciones y difusión de eventos adversos');
INSERT INTO tipo_documento_riesgos (id,nombre) VALUES ('8','Reporte de resultados de verificación metrológica y calibración');

/****TIPO DE INCIDENTES *****/
INSERT INTO tipo_incidente(id,nombre) VALUES ('1','Administración clínica');
INSERT INTO tipo_incidente(id,nombre) VALUES ('2','Proceso/procedimiento clínico');
INSERT INTO tipo_incidente(id,nombre) VALUES ('3','Documentación');
INSERT INTO tipo_incidente(id,nombre) VALUES ('4','Infección asociada a la atención sanitaria');
INSERT INTO tipo_incidente(id,nombre) VALUES ('5','Medicación/líquidos para administración i.v.');
INSERT INTO tipo_incidente(id,nombre) VALUES ('6','Sangre/productos sanguíneos');
INSERT INTO tipo_incidente(id,nombre) VALUES ('7','Nutrición');
INSERT INTO tipo_incidente(id,nombre) VALUES ('8','Oxígeno/gases/vapores');
INSERT INTO tipo_incidente(id,nombre) VALUES ('9','Dispositivos/equipos médicos');
INSERT INTO tipo_incidente(id,nombre) VALUES ('10','Comportamiento');
INSERT INTO tipo_incidente(id,nombre) VALUES ('11','Accidentes de los pacientes');
INSERT INTO tipo_incidente(id,nombre) VALUES ('12','Infraestructuras/locales/instalaciones');
INSERT INTO tipo_incidente(id,nombre) VALUES ('13','Recursos/gestión de la organización');

/****SUBTIPO PADRE DE INCIDENTE *****/
INSERT INTO subtipopadre_incidente(id,nombre,idtipo_incidente) VALUES ('1','Proceso','1');
INSERT INTO subtipopadre_incidente(id,nombre,idtipo_incidente) VALUES ('2','Problema','1');
INSERT INTO subtipopadre_incidente(id,nombre,idtipo_incidente) VALUES ('3','Proceso','2');
INSERT INTO subtipopadre_incidente(id,nombre,idtipo_incidente) VALUES ('4','Problema','2');
INSERT INTO subtipopadre_incidente(id,nombre,idtipo_incidente) VALUES ('5','Documento en cuestión','3');
INSERT INTO subtipopadre_incidente(id,nombre,idtipo_incidente) VALUES ('6','Problema','3');
INSERT INTO subtipopadre_incidente(id,nombre,idtipo_incidente) VALUES ('7','Tipo de microorganismo','4');
INSERT INTO subtipopadre_incidente(id,nombre,idtipo_incidente) VALUES ('8','Tipo/lugar de la infección','4');
INSERT INTO subtipopadre_incidente(id,nombre,idtipo_incidente) VALUES ('9','Medicación/líquidos para administración i.v. en cuestión','5');
INSERT INTO subtipopadre_incidente(id,nombre,idtipo_incidente) VALUES ('10','Proceso de uso de la medicación/los líquidos para la administración i.v.','5');
INSERT INTO subtipopadre_incidente(id,nombre,idtipo_incidente) VALUES ('11','Problema','5');
INSERT INTO subtipopadre_incidente(id,nombre,idtipo_incidente) VALUES ('12','Sangre/producto sanguíneo en cuestión','6');
INSERT INTO subtipopadre_incidente(id,nombre,idtipo_incidente) VALUES ('13','Proceso de uso de la sangre/el producto sanguíneo','6');
INSERT INTO subtipopadre_incidente(id,nombre,idtipo_incidente) VALUES ('14','Problema','6');
INSERT INTO subtipopadre_incidente(id,nombre,idtipo_incidente) VALUES ('15','Nutrición en cuestión','7');
INSERT INTO subtipopadre_incidente(id,nombre,idtipo_incidente) VALUES ('16','Proceso de uso de la nutrición','7');
INSERT INTO subtipopadre_incidente(id,nombre,idtipo_incidente) VALUES ('17','Problema','7');
INSERT INTO subtipopadre_incidente(id,nombre,idtipo_incidente) VALUES ('18','Oxígeno/gases/vapores','8');
INSERT INTO subtipopadre_incidente(id,nombre,idtipo_incidente) VALUES ('19','Proceso de uso del oxígeno/gases/vapores','8');
INSERT INTO subtipopadre_incidente(id,nombre,idtipo_incidente) VALUES ('20','Problema','8');
INSERT INTO subtipopadre_incidente(id,nombre,idtipo_incidente) VALUES ('21','Tipo de dispositivo/equipo/bien','9');
INSERT INTO subtipopadre_incidente(id,nombre,idtipo_incidente) VALUES ('22','Problema','9');
INSERT INTO subtipopadre_incidente(id,nombre,idtipo_incidente) VALUES ('23','Del personal','10');
INSERT INTO subtipopadre_incidente(id,nombre,idtipo_incidente) VALUES ('24','Del paciente','10');
INSERT INTO subtipopadre_incidente(id,nombre,idtipo_incidente) VALUES ('25','Fuerza no penetrante','11');
INSERT INTO subtipopadre_incidente(id,nombre,idtipo_incidente) VALUES ('26','Fuerza punzante/penetrante','11');
INSERT INTO subtipopadre_incidente(id,nombre,idtipo_incidente) VALUES ('27','Otra fuerza mecánica','11');
INSERT INTO subtipopadre_incidente(id,nombre,idtipo_incidente) VALUES ('28','Mecanismo térmico','11');
INSERT INTO subtipopadre_incidente(id,nombre,idtipo_incidente) VALUES ('29','Amenaza a la respiración','11');
INSERT INTO subtipopadre_incidente(id,nombre,idtipo_incidente) VALUES ('30','Exposición a productos químicos u otras sustancias','11');
INSERT INTO subtipopadre_incidente(id,nombre,idtipo_incidente) VALUES ('31','Otro mecanismo de lesión especificado','11');
INSERT INTO subtipopadre_incidente(id,nombre,idtipo_incidente) VALUES ('32','Exposición al efecto de fenómenos meteorológicos, catástrofes naturales u otras fuerzas de la naturaleza','11');
INSERT INTO subtipopadre_incidente(id,nombre,idtipo_incidente) VALUES ('33','Caídas','11');
INSERT INTO subtipopadre_incidente(id,nombre,idtipo_incidente) VALUES ('34','Estructura/local/instalación en cuestión','12');
INSERT INTO subtipopadre_incidente(id,nombre,idtipo_incidente) VALUES ('35','Problema','12');
INSERT INTO subtipopadre_incidente(id,nombre,idtipo_incidente) VALUES ('36','Recursos/gestión de la organización','13');

/****SUBTIPO HIJO DE INCIDENTE *****/
INSERT INTO subtipohijo_incidente(id,nombre,idsubtipopadre_incidente) VALUES ('1','Relevo de equipo asistencial','1');
INSERT INTO subtipohijo_incidente(id,nombre,idsubtipopadre_incidente) VALUES ('2','Cita','1');
INSERT INTO subtipohijo_incidente(id,nombre,idsubtipopadre_incidente) VALUES ('3','Lista de espera','1');
INSERT INTO subtipohijo_incidente(id,nombre,idsubtipopadre_incidente) VALUES ('4','Derivación/interconsulta','1');
INSERT INTO subtipohijo_incidente(id,nombre,idsubtipopadre_incidente) VALUES ('5','Ingreso','1');
INSERT INTO subtipohijo_incidente(id,nombre,idsubtipopadre_incidente) VALUES ('6','Alta','1');
INSERT INTO subtipohijo_incidente(id,nombre,idsubtipopadre_incidente) VALUES ('7','Traspaso asistencial','1');
INSERT INTO subtipohijo_incidente(id,nombre,idsubtipopadre_incidente) VALUES ('8','Respuesta a una urgencia','1');
INSERT INTO subtipohijo_incidente(id,nombre,idsubtipopadre_incidente) VALUES ('9','Asignación de tareas','1');
INSERT INTO subtipohijo_incidente(id,nombre,idsubtipopadre_incidente) VALUES ('10','Consentimiento','1');
INSERT INTO subtipohijo_incidente(id,nombre,idsubtipopadre_incidente) VALUES ('11','Identificación del paciente','1');
INSERT INTO subtipohijo_incidente(id,nombre,idsubtipopadre_incidente) VALUES ('12','No se hizo cuando estaba indicado','2');
INSERT INTO subtipohijo_incidente(id,nombre,idsubtipopadre_incidente) VALUES ('13','Incompleto/inadecuado','2');
INSERT INTO subtipohijo_incidente(id,nombre,idsubtipopadre_incidente) VALUES ('14','No disponible','2');
INSERT INTO subtipohijo_incidente(id,nombre,idsubtipopadre_incidente) VALUES ('15','Paciente erróneo','2');
INSERT INTO subtipohijo_incidente(id,nombre,idsubtipopadre_incidente) VALUES ('16','Proceso/servicio erróneo','2');
INSERT INTO subtipohijo_incidente(id,nombre,idsubtipopadre_incidente) VALUES ('17','Cribado/prevención/reconocimiento','3');
INSERT INTO subtipohijo_incidente(id,nombre,idsubtipopadre_incidente) VALUES ('18','sistemático','3');
INSERT INTO subtipohijo_incidente(id,nombre,idsubtipopadre_incidente) VALUES ('19','Diagnóstico/evaluación','3');
INSERT INTO subtipohijo_incidente(id,nombre,idsubtipopadre_incidente) VALUES ('20','Procedimiento/tratamiento/intervención','3');
INSERT INTO subtipohijo_incidente(id,nombre,idsubtipopadre_incidente) VALUES ('21','Atención/tratamiento general','3');
INSERT INTO subtipohijo_incidente(id,nombre,idsubtipopadre_incidente) VALUES ('22','Análisis/pruebas','3');
INSERT INTO subtipohijo_incidente(id,nombre,idsubtipopadre_incidente) VALUES ('23','Muestras/resultados','3');
INSERT INTO subtipohijo_incidente(id,nombre,idsubtipopadre_incidente) VALUES ('24','Confinamiento/restricción física','3');
INSERT INTO subtipohijo_incidente(id,nombre,idsubtipopadre_incidente) VALUES ('25','No se hizo cuando estaba indicado','4');
INSERT INTO subtipohijo_incidente(id,nombre,idsubtipopadre_incidente) VALUES ('26','Incompleto/inadecuado','4');
INSERT INTO subtipohijo_incidente(id,nombre,idsubtipopadre_incidente) VALUES ('27','No disponible','4');
INSERT INTO subtipohijo_incidente(id,nombre,idsubtipopadre_incidente) VALUES ('28','Paciente erróneo','4');
INSERT INTO subtipohijo_incidente(id,nombre,idsubtipopadre_incidente) VALUES ('29','Proceso/tratamiento/procedimiento erróneo','4');
INSERT INTO subtipohijo_incidente(id,nombre,idsubtipopadre_incidente) VALUES ('30','Parte/lado/lugar del cuerpo erróneo','4');
INSERT INTO subtipohijo_incidente(id,nombre,idsubtipopadre_incidente) VALUES ('31','Pedidos/solicitudes','5');
INSERT INTO subtipohijo_incidente(id,nombre,idsubtipopadre_incidente) VALUES ('32','Hojas de evolución/historias','5');
INSERT INTO subtipohijo_incidente(id,nombre,idsubtipopadre_incidente) VALUES ('33','clínicas/evaluaciones/interconsultas','5');
INSERT INTO subtipohijo_incidente(id,nombre,idsubtipopadre_incidente) VALUES ('34','Listas de comprobación','5');
INSERT INTO subtipohijo_incidente(id,nombre,idsubtipopadre_incidente) VALUES ('35','Formularios/certificados','5');
INSERT INTO subtipohijo_incidente(id,nombre,idsubtipopadre_incidente) VALUES ('36','Instrucciones/información/políticas/procedimientos/directrices','5');
INSERT INTO subtipohijo_incidente(id,nombre,idsubtipopadre_incidente) VALUES ('37','Etiquetas/adhesivos/pulseras de identificación/tarjetas','5');
INSERT INTO subtipohijo_incidente(id,nombre,idsubtipopadre_incidente) VALUES ('38','Cartas/correos electrónicos/registros de comunicación','5');
INSERT INTO subtipohijo_incidente(id,nombre,idsubtipopadre_incidente) VALUES ('39','Informes/resultados/imágenes','5');
INSERT INTO subtipohijo_incidente(id,nombre,idsubtipopadre_incidente) VALUES ('40','Documento ausente o no disponible','6');
INSERT INTO subtipohijo_incidente(id,nombre,idsubtipopadre_incidente) VALUES ('41','Demora en el acceso al documento','6');
INSERT INTO subtipohijo_incidente(id,nombre,idsubtipopadre_incidente) VALUES ('42','Documento para un paciente erróneo o documento erróneo','6');
INSERT INTO subtipohijo_incidente(id,nombre,idsubtipopadre_incidente) VALUES ('43','Información del documento poco clara/ambigua/ilegible/incompleta','6');
INSERT INTO subtipohijo_incidente(id,nombre,idsubtipopadre_incidente) VALUES ('44','Bacteria','7');
INSERT INTO subtipohijo_incidente(id,nombre,idsubtipopadre_incidente) VALUES ('45','Virus','7');
INSERT INTO subtipohijo_incidente(id,nombre,idsubtipopadre_incidente) VALUES ('46','Hongo','7');
INSERT INTO subtipohijo_incidente(id,nombre,idsubtipopadre_incidente) VALUES ('47','Parásito','7');
INSERT INTO subtipohijo_incidente(id,nombre,idsubtipopadre_incidente) VALUES ('48','Protozoo','7');
INSERT INTO subtipohijo_incidente(id,nombre,idsubtipopadre_incidente) VALUES ('49','Rickettsia','7');
INSERT INTO subtipohijo_incidente(id,nombre,idsubtipopadre_incidente) VALUES ('50','Prion','7');
INSERT INTO subtipohijo_incidente(id,nombre,idsubtipopadre_incidente) VALUES ('51','Microorganismo causal no identificado','7');
INSERT INTO subtipohijo_incidente(id,nombre,idsubtipopadre_incidente) VALUES ('52','Torrente sanguíneo','8');
INSERT INTO subtipohijo_incidente(id,nombre,idsubtipopadre_incidente) VALUES ('53','Sitio quirúrgico','8');
INSERT INTO subtipohijo_incidente(id,nombre,idsubtipopadre_incidente) VALUES ('54','Absceso','8');
INSERT INTO subtipohijo_incidente(id,nombre,idsubtipopadre_incidente) VALUES ('55','Neumonía','8');
INSERT INTO subtipohijo_incidente(id,nombre,idsubtipopadre_incidente) VALUES ('56','Cánulas intravasculares','8');
INSERT INTO subtipohijo_incidente(id,nombre,idsubtipopadre_incidente) VALUES ('57','Prótesis/sitio infectado','8');
INSERT INTO subtipohijo_incidente(id,nombre,idsubtipopadre_incidente) VALUES ('58','Sonda/drenaje urinario','8');
INSERT INTO subtipohijo_incidente(id,nombre,idsubtipopadre_incidente) VALUES ('59','Tejidos blandos','8');
INSERT INTO subtipohijo_incidente(id,nombre,idsubtipopadre_incidente) VALUES ('60','Lista de la medicación','9');
INSERT INTO subtipohijo_incidente(id,nombre,idsubtipopadre_incidente) VALUES ('61','Lista de líquidos para la administración i.v.','9');
INSERT INTO subtipohijo_incidente(id,nombre,idsubtipopadre_incidente) VALUES ('62','Prescripción','10');
INSERT INTO subtipohijo_incidente(id,nombre,idsubtipopadre_incidente) VALUES ('63','Preparación/dispensación','10');
INSERT INTO subtipohijo_incidente(id,nombre,idsubtipopadre_incidente) VALUES ('64','Presentación/envasado','10');
INSERT INTO subtipohijo_incidente(id,nombre,idsubtipopadre_incidente) VALUES ('65','Distribución','10');
INSERT INTO subtipohijo_incidente(id,nombre,idsubtipopadre_incidente) VALUES ('66','Administración','10');
INSERT INTO subtipohijo_incidente(id,nombre,idsubtipopadre_incidente) VALUES ('67','Suministro/pedido','10');
INSERT INTO subtipohijo_incidente(id,nombre,idsubtipopadre_incidente) VALUES ('68','Conservación','10');
INSERT INTO subtipohijo_incidente(id,nombre,idsubtipopadre_incidente) VALUES ('69','Supervisión','10');
INSERT INTO subtipohijo_incidente(id,nombre,idsubtipopadre_incidente) VALUES ('70','Paciente erróneo','11');
INSERT INTO subtipohijo_incidente(id,nombre,idsubtipopadre_incidente) VALUES ('71','Medicamento erróneo','11');
INSERT INTO subtipohijo_incidente(id,nombre,idsubtipopadre_incidente) VALUES ('72','Dosis o frecuencia errónea','11');
INSERT INTO subtipohijo_incidente(id,nombre,idsubtipopadre_incidente) VALUES ('73','Forma galénica o presentación errónea','11');
INSERT INTO subtipohijo_incidente(id,nombre,idsubtipopadre_incidente) VALUES ('74','Vía errónea','11');
INSERT INTO subtipohijo_incidente(id,nombre,idsubtipopadre_incidente) VALUES ('75','Cantidad errónea','11');
INSERT INTO subtipohijo_incidente(id,nombre,idsubtipopadre_incidente) VALUES ('76','Información/instrucciones de dispensación erróneas','11');
INSERT INTO subtipohijo_incidente(id,nombre,idsubtipopadre_incidente) VALUES ('77','Contraindicación','11');
INSERT INTO subtipohijo_incidente(id,nombre,idsubtipopadre_incidente) VALUES ('78','Condiciones de conservación inadecuadas','11');
INSERT INTO subtipohijo_incidente(id,nombre,idsubtipopadre_incidente) VALUES ('79','Omisión de medicamento o de dosis','11');
INSERT INTO subtipohijo_incidente(id,nombre,idsubtipopadre_incidente) VALUES ('80','Medicamento caducado','11');
INSERT INTO subtipohijo_incidente(id,nombre,idsubtipopadre_incidente) VALUES ('81','Reacción adversa al medicamento','11');
INSERT INTO subtipohijo_incidente(id,nombre,idsubtipopadre_incidente) VALUES ('82','Productos celulares','12');
INSERT INTO subtipohijo_incidente(id,nombre,idsubtipopadre_incidente) VALUES ('83','Factores de la coagulación','12');
INSERT INTO subtipohijo_incidente(id,nombre,idsubtipopadre_incidente) VALUES ('84','Albúmina/proteínas plasmáticas','12');
INSERT INTO subtipohijo_incidente(id,nombre,idsubtipopadre_incidente) VALUES ('85','Inmunoglobulinas','12');
INSERT INTO subtipohijo_incidente(id,nombre,idsubtipopadre_incidente) VALUES ('86','Pruebas pretransfusionales','13');
INSERT INTO subtipohijo_incidente(id,nombre,idsubtipopadre_incidente) VALUES ('87','Prescripción','13');
INSERT INTO subtipohijo_incidente(id,nombre,idsubtipopadre_incidente) VALUES ('88','Preparación/dispensación','13');
INSERT INTO subtipohijo_incidente(id,nombre,idsubtipopadre_incidente) VALUES ('89','Distribución','13');
INSERT INTO subtipohijo_incidente(id,nombre,idsubtipopadre_incidente) VALUES ('90','Administración','13');
INSERT INTO subtipohijo_incidente(id,nombre,idsubtipopadre_incidente) VALUES ('91','Conservación','13');
INSERT INTO subtipohijo_incidente(id,nombre,idsubtipopadre_incidente) VALUES ('92','Supervisión','13');
INSERT INTO subtipohijo_incidente(id,nombre,idsubtipopadre_incidente) VALUES ('93','Presentación/envasado','13');
INSERT INTO subtipohijo_incidente(id,nombre,idsubtipopadre_incidente) VALUES ('94','Suministro/pedido','13');
INSERT INTO subtipohijo_incidente(id,nombre,idsubtipopadre_incidente) VALUES ('95','Paciente erróneo','14');
INSERT INTO subtipohijo_incidente(id,nombre,idsubtipopadre_incidente) VALUES ('96','Sangre/producto sanguíneo erróneo','14');
INSERT INTO subtipohijo_incidente(id,nombre,idsubtipopadre_incidente) VALUES ('97','Dosis o frecuencia errónea','14');
INSERT INTO subtipohijo_incidente(id,nombre,idsubtipopadre_incidente) VALUES ('98','Cantidad errónea','14');
INSERT INTO subtipohijo_incidente(id,nombre,idsubtipopadre_incidente) VALUES ('99','Información/instrucciones de dispensación erróneas','14');
INSERT INTO subtipohijo_incidente(id,nombre,idsubtipopadre_incidente) VALUES ('100','Contraindicación','14');
INSERT INTO subtipohijo_incidente(id,nombre,idsubtipopadre_incidente) VALUES ('101','Condiciones de conservación inadecuadas','14');
INSERT INTO subtipohijo_incidente(id,nombre,idsubtipopadre_incidente) VALUES ('102','Omisión de medicamento o dosis','14');
INSERT INTO subtipohijo_incidente(id,nombre,idsubtipopadre_incidente) VALUES ('103','Sangre/producto sanguíneo caducado','14');
INSERT INTO subtipohijo_incidente(id,nombre,idsubtipopadre_incidente) VALUES ('104','Efecto adverso','14');
INSERT INTO subtipohijo_incidente(id,nombre,idsubtipopadre_incidente) VALUES ('105','Dieta general','15');
INSERT INTO subtipohijo_incidente(id,nombre,idsubtipopadre_incidente) VALUES ('106','Dieta especial','15');
INSERT INTO subtipohijo_incidente(id,nombre,idsubtipopadre_incidente) VALUES ('107','Prescripción/ solicitud','16');
INSERT INTO subtipohijo_incidente(id,nombre,idsubtipopadre_incidente) VALUES ('108','Preparación/fabricación/cocinado','16');
INSERT INTO subtipohijo_incidente(id,nombre,idsubtipopadre_incidente) VALUES ('109','Suministro/pedido','16');
INSERT INTO subtipohijo_incidente(id,nombre,idsubtipopadre_incidente) VALUES ('110','Presentación','16');
INSERT INTO subtipohijo_incidente(id,nombre,idsubtipopadre_incidente) VALUES ('111','Dispensación/asignación','16');
INSERT INTO subtipohijo_incidente(id,nombre,idsubtipopadre_incidente) VALUES ('112','Distribución','16');
INSERT INTO subtipohijo_incidente(id,nombre,idsubtipopadre_incidente) VALUES ('113','Administración','16');
INSERT INTO subtipohijo_incidente(id,nombre,idsubtipopadre_incidente) VALUES ('114','Conservación','16');
INSERT INTO subtipohijo_incidente(id,nombre,idsubtipopadre_incidente) VALUES ('115','Paciente erróneo','17');
INSERT INTO subtipohijo_incidente(id,nombre,idsubtipopadre_incidente) VALUES ('116','Dieta errónea','17');
INSERT INTO subtipohijo_incidente(id,nombre,idsubtipopadre_incidente) VALUES ('117','Cantidad errónea','17');
INSERT INTO subtipohijo_incidente(id,nombre,idsubtipopadre_incidente) VALUES ('118','Frecuencia errónea','17');
INSERT INTO subtipohijo_incidente(id,nombre,idsubtipopadre_incidente) VALUES ('119','Consistencia errónea','17');
INSERT INTO subtipohijo_incidente(id,nombre,idsubtipopadre_incidente) VALUES ('120','Condiciones de conservación inadecuadas','17');
INSERT INTO subtipohijo_incidente(id,nombre,idsubtipopadre_incidente) VALUES ('121','Lista de oxígeno/gases/vapores','18');
INSERT INTO subtipohijo_incidente(id,nombre,idsubtipopadre_incidente) VALUES ('122','Etiquetado de la botella/código de colores/estribo de seguridad','19');
INSERT INTO subtipohijo_incidente(id,nombre,idsubtipopadre_incidente) VALUES ('123','Prescripción','19');
INSERT INTO subtipohijo_incidente(id,nombre,idsubtipopadre_incidente) VALUES ('124','Administración','19');
INSERT INTO subtipohijo_incidente(id,nombre,idsubtipopadre_incidente) VALUES ('125','Distribución','19');
INSERT INTO subtipohijo_incidente(id,nombre,idsubtipopadre_incidente) VALUES ('126','Suministro/pedido','19');
INSERT INTO subtipohijo_incidente(id,nombre,idsubtipopadre_incidente) VALUES ('127','Conservación','19');
INSERT INTO subtipohijo_incidente(id,nombre,idsubtipopadre_incidente) VALUES ('128','Paciente erróneo','20');
INSERT INTO subtipohijo_incidente(id,nombre,idsubtipopadre_incidente) VALUES ('129','Gas/vapor erróneo','20');
INSERT INTO subtipohijo_incidente(id,nombre,idsubtipopadre_incidente) VALUES ('130','Velocidad/concentración/caudal erróneo','20');
INSERT INTO subtipohijo_incidente(id,nombre,idsubtipopadre_incidente) VALUES ('131','Modo de administración erróneo','20');
INSERT INTO subtipohijo_incidente(id,nombre,idsubtipopadre_incidente) VALUES ('132','Contraindicación','20');
INSERT INTO subtipohijo_incidente(id,nombre,idsubtipopadre_incidente) VALUES ('133','Condiciones de conservación inadecuadas','20');
INSERT INTO subtipohijo_incidente(id,nombre,idsubtipopadre_incidente) VALUES ('134','Ausencia de administración','20');
INSERT INTO subtipohijo_incidente(id,nombre,idsubtipopadre_incidente) VALUES ('135','Contaminación','20');
INSERT INTO subtipohijo_incidente(id,nombre,idsubtipopadre_incidente) VALUES ('136','Lista de dispositivos
 médicos/equipos/bienes','21');
INSERT INTO subtipohijo_incidente(id,nombre,idsubtipopadre_incidente) VALUES ('137','Presentación/envasado deficiente','22');
INSERT INTO subtipohijo_incidente(id,nombre,idsubtipopadre_incidente) VALUES ('138','Falta de disponibilidad','22');
INSERT INTO subtipohijo_incidente(id,nombre,idsubtipopadre_incidente) VALUES ('139','Inadecuación a la tarea','22');
INSERT INTO subtipohijo_incidente(id,nombre,idsubtipopadre_incidente) VALUES ('140','Sucio/no estéril','22');
INSERT INTO subtipohijo_incidente(id,nombre,idsubtipopadre_incidente) VALUES ('141','Avería/mal funcionamiento','22');
INSERT INTO subtipohijo_incidente(id,nombre,idsubtipopadre_incidente) VALUES ('142','Desplazamiento/conexión
 incorrecta/retirada','22');
INSERT INTO subtipohijo_incidente(id,nombre,idsubtipopadre_incidente) VALUES ('143','Error del usuario','22');
INSERT INTO subtipohijo_incidente(id,nombre,idsubtipopadre_incidente) VALUES ('144','Incumplidor/no colaborador/obstructivo','23');
INSERT INTO subtipohijo_incidente(id,nombre,idsubtipopadre_incidente) VALUES ('145','Desconsiderado/grosero/hostil/inapropiado','23');
INSERT INTO subtipohijo_incidente(id,nombre,idsubtipopadre_incidente) VALUES ('146','Arriesgado/imprudente/peligroso','23');
INSERT INTO subtipohijo_incidente(id,nombre,idsubtipopadre_incidente) VALUES ('147','Problema de uso/abuso de sustancias','23');
INSERT INTO subtipohijo_incidente(id,nombre,idsubtipopadre_incidente) VALUES ('148','Acoso','23');
INSERT INTO subtipohijo_incidente(id,nombre,idsubtipopadre_incidente) VALUES ('149','Discriminación/prejuicio','23');
INSERT INTO subtipohijo_incidente(id,nombre,idsubtipopadre_incidente) VALUES ('150','Vagabundeo/fugas','23');
INSERT INTO subtipohijo_incidente(id,nombre,idsubtipopadre_incidente) VALUES ('151','Autolesión deliberada/suicidio','23');
INSERT INTO subtipohijo_incidente(id,nombre,idsubtipopadre_incidente) VALUES ('152','Agresión verbal','23');
INSERT INTO subtipohijo_incidente(id,nombre,idsubtipopadre_incidente) VALUES ('153','Agresión física','23');
INSERT INTO subtipohijo_incidente(id,nombre,idsubtipopadre_incidente) VALUES ('154','Agresión sexual','23');
INSERT INTO subtipohijo_incidente(id,nombre,idsubtipopadre_incidente) VALUES ('155','Agresión a objeto inanimado','23');
INSERT INTO subtipohijo_incidente(id,nombre,idsubtipopadre_incidente) VALUES ('156','Amenaza de muerte','23');
INSERT INTO subtipohijo_incidente(id,nombre,idsubtipopadre_incidente) VALUES ('157','Incumplidor/no colaborador/obstructivo','24');
INSERT INTO subtipohijo_incidente(id,nombre,idsubtipopadre_incidente) VALUES ('158','Desconsiderado/grosero/hostil/inapropiado','24');
INSERT INTO subtipohijo_incidente(id,nombre,idsubtipopadre_incidente) VALUES ('159','Arriesgado/imprudente/peligroso','24');
INSERT INTO subtipohijo_incidente(id,nombre,idsubtipopadre_incidente) VALUES ('160','Problema de uso/abuso de sustancias','24');
INSERT INTO subtipohijo_incidente(id,nombre,idsubtipopadre_incidente) VALUES ('161','Acoso','24');
INSERT INTO subtipohijo_incidente(id,nombre,idsubtipopadre_incidente) VALUES ('162','Discriminación/prejuicio','24');
INSERT INTO subtipohijo_incidente(id,nombre,idsubtipopadre_incidente) VALUES ('163','Vagabundeo/fugas','24');
INSERT INTO subtipohijo_incidente(id,nombre,idsubtipopadre_incidente) VALUES ('164','Autolesión deliberada/suicidio','24');
INSERT INTO subtipohijo_incidente(id,nombre,idsubtipopadre_incidente) VALUES ('165','Agresión verbal','24');
INSERT INTO subtipohijo_incidente(id,nombre,idsubtipopadre_incidente) VALUES ('166','Agresión física','24');
INSERT INTO subtipohijo_incidente(id,nombre,idsubtipopadre_incidente) VALUES ('167','Agresión sexual','24');
INSERT INTO subtipohijo_incidente(id,nombre,idsubtipopadre_incidente) VALUES ('168','Agresión a objeto inanimado','24');
INSERT INTO subtipohijo_incidente(id,nombre,idsubtipopadre_incidente) VALUES ('169','Amenaza de muerte','24');
INSERT INTO subtipohijo_incidente(id,nombre,idsubtipopadre_incidente) VALUES ('170','Contacto con objeto o animal','25');
INSERT INTO subtipohijo_incidente(id,nombre,idsubtipopadre_incidente) VALUES ('171','Contacto con persona','25');
INSERT INTO subtipohijo_incidente(id,nombre,idsubtipopadre_incidente) VALUES ('172','Aplastamiento','25');
INSERT INTO subtipohijo_incidente(id,nombre,idsubtipopadre_incidente) VALUES ('173','Abrasión/roce','25');
INSERT INTO subtipohijo_incidente(id,nombre,idsubtipopadre_incidente) VALUES ('174','Rasguño/corte/desgarro/sección','26');
INSERT INTO subtipohijo_incidente(id,nombre,idsubtipopadre_incidente) VALUES ('175','Pinchazo/herida punzante','26');
INSERT INTO subtipohijo_incidente(id,nombre,idsubtipopadre_incidente) VALUES ('176','Mordedura/picadura/inoculación de veneno de animal','26');
INSERT INTO subtipohijo_incidente(id,nombre,idsubtipopadre_incidente) VALUES ('177','Otra fuerza punzante/penetrante especificada','26');
INSERT INTO subtipohijo_incidente(id,nombre,idsubtipopadre_incidente) VALUES ('178','Afectado por una explosión','27');
INSERT INTO subtipohijo_incidente(id,nombre,idsubtipopadre_incidente) VALUES ('179','Contacto con maquinaria','27');
INSERT INTO subtipohijo_incidente(id,nombre,idsubtipopadre_incidente) VALUES ('180','Calor excesivo/fuego','28');
INSERT INTO subtipohijo_incidente(id,nombre,idsubtipopadre_incidente) VALUES ('181','Frío excesivo/congelación','28');
INSERT INTO subtipohijo_incidente(id,nombre,idsubtipopadre_incidente) VALUES ('182','Amenaza mecánica para la respiración','29');
INSERT INTO subtipohijo_incidente(id,nombre,idsubtipopadre_incidente) VALUES ('183','Ahogamiento/cuasi ahogamiento','29');
INSERT INTO subtipohijo_incidente(id,nombre,idsubtipopadre_incidente) VALUES ('184','Reclusión en lugar con falta de oxígeno','29');
INSERT INTO subtipohijo_incidente(id,nombre,idsubtipopadre_incidente) VALUES ('185','Intoxicación por producto químico u otra sustancia','30');
INSERT INTO subtipohijo_incidente(id,nombre,idsubtipopadre_incidente) VALUES ('186','Corrosión por producto químico u otra sustancia','30');
INSERT INTO subtipohijo_incidente(id,nombre,idsubtipopadre_incidente) VALUES ('187','Exposición a electricidad/radiación','31');
INSERT INTO subtipohijo_incidente(id,nombre,idsubtipopadre_incidente) VALUES ('188','Exposición a sonido/vibración','31');
INSERT INTO subtipohijo_incidente(id,nombre,idsubtipopadre_incidente) VALUES ('189','Exposición a presión de aire','31');
INSERT INTO subtipohijo_incidente(id,nombre,idsubtipopadre_incidente) VALUES ('190','Exposición a gravedad baja','31');
INSERT INTO subtipohijo_incidente(id,nombre,idsubtipopadre_incidente) VALUES ('191','-','32');
INSERT INTO subtipohijo_incidente(id,nombre,idsubtipopadre_incidente) VALUES ('192','Tipo de caída','33');
INSERT INTO subtipohijo_incidente(id,nombre,idsubtipopadre_incidente) VALUES ('193','Elemento implicado en la caída','33');
INSERT INTO subtipohijo_incidente(id,nombre,idsubtipopadre_incidente) VALUES ('194','Lista de estructuras','34');
INSERT INTO subtipohijo_incidente(id,nombre,idsubtipopadre_incidente) VALUES ('195','Lista de locales','34');
INSERT INTO subtipohijo_incidente(id,nombre,idsubtipopadre_incidente) VALUES ('196','Lista de instalaciones','34');
INSERT INTO subtipohijo_incidente(id,nombre,idsubtipopadre_incidente) VALUES ('197','Inexistente/inadecuado','35');
INSERT INTO subtipohijo_incidente(id,nombre,idsubtipopadre_incidente) VALUES ('198','Dañado/defectuoso/desgastado','35');
INSERT INTO subtipohijo_incidente(id,nombre,idsubtipopadre_incidente) VALUES ('199','Adaptación de la gestión de la carga de trabajo','36');
INSERT INTO subtipohijo_incidente(id,nombre,idsubtipopadre_incidente) VALUES ('200','Disponibilidad/idoneidad de camas/servicios','36');
INSERT INTO subtipohijo_incidente(id,nombre,idsubtipopadre_incidente) VALUES ('201','Disponibilidad/idoneidad de recursos humanos/personal','36');
INSERT INTO subtipohijo_incidente(id,nombre,idsubtipopadre_incidente) VALUES ('202','Organización de equipos/personas','36');
INSERT INTO subtipohijo_incidente(id,nombre,idsubtipopadre_incidente) VALUES ('203','Disponibilidad/idoneidad de','36');
INSERT INTO subtipohijo_incidente(id,nombre,idsubtipopadre_incidente) VALUES ('204','protocolos/políticas/procedimientos/directrices','36');

/****SUBTIPO NIETO DE INCIDENTE *****/
INSERT INTO subtiponieto_incidente(id,nombre,idsubtipohijo_incidente) VALUES ('1','Tropezón/traspié','192');
INSERT INTO subtiponieto_incidente(id,nombre,idsubtipohijo_incidente) VALUES ('2','Resbalón','192');
INSERT INTO subtiponieto_incidente(id,nombre,idsubtipohijo_incidente) VALUES ('3','Desmayo','192');
INSERT INTO subtiponieto_incidente(id,nombre,idsubtipohijo_incidente) VALUES ('4','Pérdida de equilibrio','192');
INSERT INTO subtiponieto_incidente(id,nombre,idsubtipohijo_incidente) VALUES ('5','Cuna','193');
INSERT INTO subtiponieto_incidente(id,nombre,idsubtipohijo_incidente) VALUES ('6','Cama','193');
INSERT INTO subtiponieto_incidente(id,nombre,idsubtipohijo_incidente) VALUES ('7','Silla','193');
INSERT INTO subtiponieto_incidente(id,nombre,idsubtipohijo_incidente) VALUES ('8','Camilla','193');
INSERT INTO subtiponieto_incidente(id,nombre,idsubtipohijo_incidente) VALUES ('9','Inodoro','193');
INSERT INTO subtiponieto_incidente(id,nombre,idsubtipohijo_incidente) VALUES ('10','Equipo terapéutico','193');
INSERT INTO subtiponieto_incidente(id,nombre,idsubtipohijo_incidente) VALUES ('11','Escaleras/escalones','193');
INSERT INTO subtiponieto_incidente(id,nombre,idsubtipohijo_incidente) VALUES ('12','Transporte/sujeción','193');
INSERT INTO subtiponieto_incidente(id,nombre,idsubtipohijo_incidente) VALUES ('13','por otra persona','193');

/****FRECUENCIA DE INCIDENTE *****/
INSERT INTO frecuencia_incidente (id,nombre) VALUES ('1','Primera vez');
INSERT INTO frecuencia_incidente (id,nombre) VALUES ('2','Reincidente');

/**** GRADO DE DAÑO *****/
INSERT INTO grado_danho (id,nombre) VALUES ('1','Ninguno');
INSERT INTO grado_danho (id,nombre) VALUES ('2','Leve');
INSERT INTO grado_danho (id,nombre) VALUES ('3','Moderado');
INSERT INTO grado_danho (id,nombre) VALUES ('4','Grave');
INSERT INTO grado_danho (id,nombre) VALUES ('5','Muerte');

/**** PERSONAS IMPLICADAS ****/
INSERT INTO personas_implicadas (id,nombre) VALUES ('1','Profesional sanitario');
INSERT INTO personas_implicadas (id,nombre) VALUES ('2','Familiar');
INSERT INTO personas_implicadas (id,nombre) VALUES ('3','Voluntario');
INSERT INTO personas_implicadas (id,nombre) VALUES ('4','Otro paciente');
INSERT INTO personas_implicadas (id,nombre) VALUES ('5','Tutor');
INSERT INTO personas_implicadas (id,nombre) VALUES ('6','Amigo/visita');
INSERT INTO personas_implicadas (id,nombre) VALUES ('7','Cuidado/auxiliar');
INSERT INTO personas_implicadas (id,nombre) VALUES ('8','Domicilio/asistente');
INSERT INTO personas_implicadas (id,nombre) VALUES ('9','Intérprete/traductor');
INSERT INTO personas_implicadas (id,nombre) VALUES ('10','Trabajador sanitario');
INSERT INTO personas_implicadas (id,nombre) VALUES ('11','Personal de servicios de urgencia');
INSERT INTO personas_implicadas (id,nombre) VALUES ('12','Personal de atención pastoral');

/**** ENTORNO ASISTENCIAL ****/
INSERT INTO entorno_asistencial (id,nombre) VALUES ('1','Atención primaria');
INSERT INTO entorno_asistencial (id,nombre) VALUES ('2','Centro de atención comunitaria');
INSERT INTO entorno_asistencial (id,nombre) VALUES ('3','Servicio de salud mental');
INSERT INTO entorno_asistencial (id,nombre) VALUES ('4','Servicio de discapacidad');
INSERT INTO entorno_asistencial (id,nombre) VALUES ('5','Centro de enfermería');
INSERT INTO entorno_asistencial (id,nombre) VALUES ('6','Farmacia comunitaria');
INSERT INTO entorno_asistencial (id,nombre) VALUES ('7','Atención domiciliaria');
INSERT INTO entorno_asistencial (id,nombre) VALUES ('8','Servicios de transporte (incluidas ambulancias)');
INSERT INTO entorno_asistencial (id,nombre) VALUES ('9','Atención odontológica');
INSERT INTO entorno_asistencial (id,nombre) VALUES ('10','ANATOMIA PATOLOGICA');
INSERT INTO entorno_asistencial (id,nombre) VALUES ('11','ATENCION INMEDIATA Y EMERGENCIA');
INSERT INTO entorno_asistencial (id,nombre) VALUES ('12','BANCO DE LECHE');
INSERT INTO entorno_asistencial (id,nombre) VALUES ('13','BANCO DE SANGRE');
INSERT INTO entorno_asistencial (id,nombre) VALUES ('14','CENTRAL DE ESTERILIZACION');
INSERT INTO entorno_asistencial (id,nombre) VALUES ('15','CENTRO OBSTETRICO');
INSERT INTO entorno_asistencial (id,nombre) VALUES ('16','CENTRO QUIRURGICO');
INSERT INTO entorno_asistencial (id,nombre) VALUES ('17','CIRUGIA NEONATAL');
INSERT INTO entorno_asistencial (id,nombre) VALUES ('18','CLINICA');
INSERT INTO entorno_asistencial (id,nombre) VALUES ('19','CONSULTA EXTERNA DE GINECO OBSTETRICIA');
INSERT INTO entorno_asistencial (id,nombre) VALUES ('20','CONSULTORIO EXTERNO');
INSERT INTO entorno_asistencial (id,nombre) VALUES ('21','CUIDADOS INTENSIVOS NEONATAL');
INSERT INTO entorno_asistencial (id,nombre) VALUES ('22','DIAGNOSTICO POR IMÁGENES');
INSERT INTO entorno_asistencial (id,nombre) VALUES ('23','EMERGENCIA');
INSERT INTO entorno_asistencial (id,nombre) VALUES ('24','ESPECIALIDADES MEDICAS');
INSERT INTO entorno_asistencial (id,nombre) VALUES ('25','FARMACIA');
INSERT INTO entorno_asistencial (id,nombre) VALUES ('26','GENETICA');
INSERT INTO entorno_asistencial (id,nombre) VALUES ('27','GINECOLOGIA ESPECIALIZADA');
INSERT INTO entorno_asistencial (id,nombre) VALUES ('28','GINECOLOGIA ONCOLOGICA');
INSERT INTO entorno_asistencial (id,nombre) VALUES ('29','GINECOLOGIA PATOLOGICA');
INSERT INTO entorno_asistencial (id,nombre) VALUES ('30','INTERMEDIOS A');
INSERT INTO entorno_asistencial (id,nombre) VALUES ('31','INTERMEDIOS B');
INSERT INTO entorno_asistencial (id,nombre) VALUES ('32','MADRES DELICADAS');
INSERT INTO entorno_asistencial (id,nombre) VALUES ('33','MANTENIMIENTO');
INSERT INTO entorno_asistencial (id,nombre) VALUES ('34','MEDICINA REPRODUCTIVA');
INSERT INTO entorno_asistencial (id,nombre) VALUES ('35','NUTRICION');
INSERT INTO entorno_asistencial (id,nombre) VALUES ('36','OBSTETRICIA A');
INSERT INTO entorno_asistencial (id,nombre) VALUES ('37','OBSTETRICIA B');
INSERT INTO entorno_asistencial (id,nombre) VALUES ('38','OBSTETRICIA C');
INSERT INTO entorno_asistencial (id,nombre) VALUES ('39','OBSTETRICIA D');
INSERT INTO entorno_asistencial (id,nombre) VALUES ('40','OBSTETRICIA E');
INSERT INTO entorno_asistencial (id,nombre) VALUES ('41','ODONTOESTOMATOLOGIA');
INSERT INTO entorno_asistencial (id,nombre) VALUES ('42','PATOLOGIA CLINICA');
INSERT INTO entorno_asistencial (id,nombre) VALUES ('43','PSICOLOGIA');
INSERT INTO entorno_asistencial (id,nombre) VALUES ('44','PUERICULTURA NEONATAL');
INSERT INTO entorno_asistencial (id,nombre) VALUES ('45','RECUPERACION POST ANESTESICA');
INSERT INTO entorno_asistencial (id,nombre) VALUES ('46','REHABILITACION');
INSERT INTO entorno_asistencial (id,nombre) VALUES ('47','UCI MATERNO');
INSERT INTO entorno_asistencial (id,nombre) VALUES ('48','UNIDAD MEDICINA FETAL');
INSERT INTO entorno_asistencial (id,nombre) VALUES ('49','Otro');

/**** TIPO SERVICIO ****/
INSERT INTO tipo_servicio (id,nombre) VALUES ('1','Atención primaria');
INSERT INTO tipo_servicio (id,nombre) VALUES ('2','Servicios para pacientes ingresados');
INSERT INTO tipo_servicio (id,nombre) VALUES ('3','Servicios para pacientes ambulatorios');
INSERT INTO tipo_servicio (id,nombre) VALUES ('4','Servicios de salud mental para pacientes ingresados');
INSERT INTO tipo_servicio (id,nombre) VALUES ('5','Servicios de salud mental para pacientes ambulatorios');
INSERT INTO tipo_servicio (id,nombre) VALUES ('6','Servicios de salud mental comunitarios');
INSERT INTO tipo_servicio (id,nombre) VALUES ('7','Servicios para pacientes ingresados');
INSERT INTO tipo_servicio (id,nombre) VALUES ('8','Servicios para pacientes ambulatorios');
INSERT INTO tipo_servicio (id,nombre) VALUES ('9','Centro de enfermería');
INSERT INTO tipo_servicio (id,nombre) VALUES ('10','Farmacia comunitaria');
INSERT INTO tipo_servicio (id,nombre) VALUES ('11','Atención domiciliaria');
INSERT INTO tipo_servicio (id,nombre) VALUES ('12','Servicios de transporte (incluidas ambulancias)');
INSERT INTO tipo_servicio (id,nombre) VALUES ('13','Atención odontológica');
INSERT INTO tipo_servicio (id,nombre) VALUES ('14','Paciente ingresado');
INSERT INTO tipo_servicio (id,nombre) VALUES ('15','Paciente ambulatorio');

/**** ENTORNO ASISTENCIAL x TIPO SERVICIO ****/
INSERT INTO entorno_asistencialxtipo_servicio (id,identorno,idtipo) VALUES ('1','1','1');
INSERT INTO entorno_asistencialxtipo_servicio (id,identorno,idtipo) VALUES ('2','2','2');
INSERT INTO entorno_asistencialxtipo_servicio (id,identorno,idtipo) VALUES ('3','2','3');
INSERT INTO entorno_asistencialxtipo_servicio (id,identorno,idtipo) VALUES ('4','3','4');
INSERT INTO entorno_asistencialxtipo_servicio (id,identorno,idtipo) VALUES ('5','3','5');
INSERT INTO entorno_asistencialxtipo_servicio (id,identorno,idtipo) VALUES ('6','3','6');
INSERT INTO entorno_asistencialxtipo_servicio (id,identorno,idtipo) VALUES ('7','4','7');
INSERT INTO entorno_asistencialxtipo_servicio (id,identorno,idtipo) VALUES ('8','4','8');
INSERT INTO entorno_asistencialxtipo_servicio (id,identorno,idtipo) VALUES ('9','5','9');
INSERT INTO entorno_asistencialxtipo_servicio (id,identorno,idtipo) VALUES ('10','6','10');
INSERT INTO entorno_asistencialxtipo_servicio (id,identorno,idtipo) VALUES ('11','7','11');
INSERT INTO entorno_asistencialxtipo_servicio (id,identorno,idtipo) VALUES ('12','8','12');
INSERT INTO entorno_asistencialxtipo_servicio (id,identorno,idtipo) VALUES ('13','9','13');
INSERT INTO entorno_asistencialxtipo_servicio (id,identorno,idtipo) VALUES ('14','10','14');
INSERT INTO entorno_asistencialxtipo_servicio (id,identorno,idtipo) VALUES ('15','10','15');
INSERT INTO entorno_asistencialxtipo_servicio (id,identorno,idtipo) VALUES ('16','11','14');
INSERT INTO entorno_asistencialxtipo_servicio (id,identorno,idtipo) VALUES ('17','11','15');
INSERT INTO entorno_asistencialxtipo_servicio (id,identorno,idtipo) VALUES ('18','12','14');
INSERT INTO entorno_asistencialxtipo_servicio (id,identorno,idtipo) VALUES ('19','12','15');
INSERT INTO entorno_asistencialxtipo_servicio (id,identorno,idtipo) VALUES ('20','13','14');
INSERT INTO entorno_asistencialxtipo_servicio (id,identorno,idtipo) VALUES ('21','13','15');
INSERT INTO entorno_asistencialxtipo_servicio (id,identorno,idtipo) VALUES ('22','14','14');
INSERT INTO entorno_asistencialxtipo_servicio (id,identorno,idtipo) VALUES ('23','14','15');
INSERT INTO entorno_asistencialxtipo_servicio (id,identorno,idtipo) VALUES ('24','15','14');
INSERT INTO entorno_asistencialxtipo_servicio (id,identorno,idtipo) VALUES ('25','15','15');
INSERT INTO entorno_asistencialxtipo_servicio (id,identorno,idtipo) VALUES ('26','16','14');
INSERT INTO entorno_asistencialxtipo_servicio (id,identorno,idtipo) VALUES ('27','16','15');
INSERT INTO entorno_asistencialxtipo_servicio (id,identorno,idtipo) VALUES ('28','17','14');
INSERT INTO entorno_asistencialxtipo_servicio (id,identorno,idtipo) VALUES ('29','17','15');
INSERT INTO entorno_asistencialxtipo_servicio (id,identorno,idtipo) VALUES ('30','18','14');
INSERT INTO entorno_asistencialxtipo_servicio (id,identorno,idtipo) VALUES ('31','18','15');
INSERT INTO entorno_asistencialxtipo_servicio (id,identorno,idtipo) VALUES ('32','19','14');
INSERT INTO entorno_asistencialxtipo_servicio (id,identorno,idtipo) VALUES ('33','19','15');
INSERT INTO entorno_asistencialxtipo_servicio (id,identorno,idtipo) VALUES ('34','20','14');
INSERT INTO entorno_asistencialxtipo_servicio (id,identorno,idtipo) VALUES ('35','20','15');
INSERT INTO entorno_asistencialxtipo_servicio (id,identorno,idtipo) VALUES ('36','21','14');
INSERT INTO entorno_asistencialxtipo_servicio (id,identorno,idtipo) VALUES ('37','21','15');
INSERT INTO entorno_asistencialxtipo_servicio (id,identorno,idtipo) VALUES ('38','22','14');
INSERT INTO entorno_asistencialxtipo_servicio (id,identorno,idtipo) VALUES ('39','22','15');
INSERT INTO entorno_asistencialxtipo_servicio (id,identorno,idtipo) VALUES ('40','23','14');
INSERT INTO entorno_asistencialxtipo_servicio (id,identorno,idtipo) VALUES ('41','23','15');
INSERT INTO entorno_asistencialxtipo_servicio (id,identorno,idtipo) VALUES ('42','24','14');
INSERT INTO entorno_asistencialxtipo_servicio (id,identorno,idtipo) VALUES ('43','24','15');
INSERT INTO entorno_asistencialxtipo_servicio (id,identorno,idtipo) VALUES ('44','25','14');
INSERT INTO entorno_asistencialxtipo_servicio (id,identorno,idtipo) VALUES ('45','25','15');
INSERT INTO entorno_asistencialxtipo_servicio (id,identorno,idtipo) VALUES ('46','26','14');
INSERT INTO entorno_asistencialxtipo_servicio (id,identorno,idtipo) VALUES ('47','26','15');
INSERT INTO entorno_asistencialxtipo_servicio (id,identorno,idtipo) VALUES ('48','27','14');
INSERT INTO entorno_asistencialxtipo_servicio (id,identorno,idtipo) VALUES ('49','27','15');
INSERT INTO entorno_asistencialxtipo_servicio (id,identorno,idtipo) VALUES ('50','28','14');
INSERT INTO entorno_asistencialxtipo_servicio (id,identorno,idtipo) VALUES ('51','28','15');
INSERT INTO entorno_asistencialxtipo_servicio (id,identorno,idtipo) VALUES ('52','29','14');
INSERT INTO entorno_asistencialxtipo_servicio (id,identorno,idtipo) VALUES ('53','29','15');
INSERT INTO entorno_asistencialxtipo_servicio (id,identorno,idtipo) VALUES ('54','30','14');
INSERT INTO entorno_asistencialxtipo_servicio (id,identorno,idtipo) VALUES ('55','30','15');
INSERT INTO entorno_asistencialxtipo_servicio (id,identorno,idtipo) VALUES ('56','31','14');
INSERT INTO entorno_asistencialxtipo_servicio (id,identorno,idtipo) VALUES ('57','31','15');
INSERT INTO entorno_asistencialxtipo_servicio (id,identorno,idtipo) VALUES ('58','32','14');
INSERT INTO entorno_asistencialxtipo_servicio (id,identorno,idtipo) VALUES ('59','32','15');
INSERT INTO entorno_asistencialxtipo_servicio (id,identorno,idtipo) VALUES ('60','33','14');
INSERT INTO entorno_asistencialxtipo_servicio (id,identorno,idtipo) VALUES ('61','33','15');
INSERT INTO entorno_asistencialxtipo_servicio (id,identorno,idtipo) VALUES ('62','34','14');
INSERT INTO entorno_asistencialxtipo_servicio (id,identorno,idtipo) VALUES ('63','34','15');
INSERT INTO entorno_asistencialxtipo_servicio (id,identorno,idtipo) VALUES ('64','35','14');
INSERT INTO entorno_asistencialxtipo_servicio (id,identorno,idtipo) VALUES ('65','35','15');
INSERT INTO entorno_asistencialxtipo_servicio (id,identorno,idtipo) VALUES ('66','36','14');
INSERT INTO entorno_asistencialxtipo_servicio (id,identorno,idtipo) VALUES ('67','36','15');
INSERT INTO entorno_asistencialxtipo_servicio (id,identorno,idtipo) VALUES ('68','37','14');
INSERT INTO entorno_asistencialxtipo_servicio (id,identorno,idtipo) VALUES ('69','37','15');
INSERT INTO entorno_asistencialxtipo_servicio (id,identorno,idtipo) VALUES ('70','38','14');
INSERT INTO entorno_asistencialxtipo_servicio (id,identorno,idtipo) VALUES ('71','38','15');
INSERT INTO entorno_asistencialxtipo_servicio (id,identorno,idtipo) VALUES ('72','39','14');
INSERT INTO entorno_asistencialxtipo_servicio (id,identorno,idtipo) VALUES ('73','39','15');
INSERT INTO entorno_asistencialxtipo_servicio (id,identorno,idtipo) VALUES ('74','40','14');
INSERT INTO entorno_asistencialxtipo_servicio (id,identorno,idtipo) VALUES ('75','40','15');
INSERT INTO entorno_asistencialxtipo_servicio (id,identorno,idtipo) VALUES ('76','41','14');
INSERT INTO entorno_asistencialxtipo_servicio (id,identorno,idtipo) VALUES ('77','41','15');
INSERT INTO entorno_asistencialxtipo_servicio (id,identorno,idtipo) VALUES ('78','42','14');
INSERT INTO entorno_asistencialxtipo_servicio (id,identorno,idtipo) VALUES ('79','42','15');
INSERT INTO entorno_asistencialxtipo_servicio (id,identorno,idtipo) VALUES ('80','43','14');
INSERT INTO entorno_asistencialxtipo_servicio (id,identorno,idtipo) VALUES ('81','43','15');
INSERT INTO entorno_asistencialxtipo_servicio (id,identorno,idtipo) VALUES ('82','44','14');
INSERT INTO entorno_asistencialxtipo_servicio (id,identorno,idtipo) VALUES ('83','44','15');
INSERT INTO entorno_asistencialxtipo_servicio (id,identorno,idtipo) VALUES ('84','45','14');
INSERT INTO entorno_asistencialxtipo_servicio (id,identorno,idtipo) VALUES ('85','45','15');
INSERT INTO entorno_asistencialxtipo_servicio (id,identorno,idtipo) VALUES ('86','46','14');
INSERT INTO entorno_asistencialxtipo_servicio (id,identorno,idtipo) VALUES ('87','46','15');
INSERT INTO entorno_asistencialxtipo_servicio (id,identorno,idtipo) VALUES ('88','47','14');
INSERT INTO entorno_asistencialxtipo_servicio (id,identorno,idtipo) VALUES ('89','47','15');
INSERT INTO entorno_asistencialxtipo_servicio (id,identorno,idtipo) VALUES ('90','48','14');
INSERT INTO entorno_asistencialxtipo_servicio (id,identorno,idtipo) VALUES ('91','48','15');

/**** ETAPA SERVICIO ****/
INSERT INTO etapa_servicio (id,nombre,identornoxtipo) VALUES ('1','Antes de la consulta','1');
INSERT INTO etapa_servicio (id,nombre,identornoxtipo) VALUES ('2','Durante la consulta','1');
INSERT INTO etapa_servicio (id,nombre,identornoxtipo) VALUES ('3','Después de la consulta','1');
INSERT INTO etapa_servicio (id,nombre,identornoxtipo) VALUES ('4','Derivación/interconsulta','1');
INSERT INTO etapa_servicio (id,nombre,identornoxtipo) VALUES ('5','Traspaso asistencial','1');
INSERT INTO etapa_servicio (id,nombre,identornoxtipo) VALUES ('6','Seguimiento','1');
INSERT INTO etapa_servicio (id,nombre,identornoxtipo) VALUES ('7','Antes del ingreso','2');
INSERT INTO etapa_servicio (id,nombre,identornoxtipo) VALUES ('8','Atención en el momento del ingreso','2');
INSERT INTO etapa_servicio (id,nombre,identornoxtipo) VALUES ('9','Evaluación','2');
INSERT INTO etapa_servicio (id,nombre,identornoxtipo) VALUES ('10','Tratamiento','2');
INSERT INTO etapa_servicio (id,nombre,identornoxtipo) VALUES ('11','Alta','2');
INSERT INTO etapa_servicio (id,nombre,identornoxtipo) VALUES ('12','Después del alta','2');
INSERT INTO etapa_servicio (id,nombre,identornoxtipo) VALUES ('13','Traspaso asistencial','2');
INSERT INTO etapa_servicio (id,nombre,identornoxtipo) VALUES ('14','Antes de la consulta','3');
INSERT INTO etapa_servicio (id,nombre,identornoxtipo) VALUES ('15','Durante la consulta','3');
INSERT INTO etapa_servicio (id,nombre,identornoxtipo) VALUES ('16','Después de la consulta','3');
INSERT INTO etapa_servicio (id,nombre,identornoxtipo) VALUES ('17','Derivación','3');
INSERT INTO etapa_servicio (id,nombre,identornoxtipo) VALUES ('18','Traspaso asistencial','3');
INSERT INTO etapa_servicio (id,nombre,identornoxtipo) VALUES ('19','Antes del ingreso','4');
INSERT INTO etapa_servicio (id,nombre,identornoxtipo) VALUES ('20','Atención en el momento del ingreso','4');
INSERT INTO etapa_servicio (id,nombre,identornoxtipo) VALUES ('21','Evaluación','4');
INSERT INTO etapa_servicio (id,nombre,identornoxtipo) VALUES ('22','Tratamiento','4');
INSERT INTO etapa_servicio (id,nombre,identornoxtipo) VALUES ('23','Alta','4');
INSERT INTO etapa_servicio (id,nombre,identornoxtipo) VALUES ('24','Después del alta','4');
INSERT INTO etapa_servicio (id,nombre,identornoxtipo) VALUES ('25','Traspaso asistencial','4');
INSERT INTO etapa_servicio (id,nombre,identornoxtipo) VALUES ('26','Antes de la consulta','5');
INSERT INTO etapa_servicio (id,nombre,identornoxtipo) VALUES ('27','Durante la consulta','5');
INSERT INTO etapa_servicio (id,nombre,identornoxtipo) VALUES ('28','Después de la consulta','5');
INSERT INTO etapa_servicio (id,nombre,identornoxtipo) VALUES ('29','Derivación','5');
INSERT INTO etapa_servicio (id,nombre,identornoxtipo) VALUES ('30','Traspaso asistencial','5');
INSERT INTO etapa_servicio (id,nombre,identornoxtipo) VALUES ('31','Evaluación','6');
INSERT INTO etapa_servicio (id,nombre,identornoxtipo) VALUES ('32','Tratamiento','6');
INSERT INTO etapa_servicio (id,nombre,identornoxtipo) VALUES ('33','Alta','6');
INSERT INTO etapa_servicio (id,nombre,identornoxtipo) VALUES ('34','Traspaso asistencial','6');
INSERT INTO etapa_servicio (id,nombre,identornoxtipo) VALUES ('35','Antes del ingreso','7');
INSERT INTO etapa_servicio (id,nombre,identornoxtipo) VALUES ('36','Atención en el momento del ingreso','7');
INSERT INTO etapa_servicio (id,nombre,identornoxtipo) VALUES ('37','Evaluación','7');
INSERT INTO etapa_servicio (id,nombre,identornoxtipo) VALUES ('38','Tratamiento','7');
INSERT INTO etapa_servicio (id,nombre,identornoxtipo) VALUES ('39','Alta','7');
INSERT INTO etapa_servicio (id,nombre,identornoxtipo) VALUES ('40','Después del alta','7');
INSERT INTO etapa_servicio (id,nombre,identornoxtipo) VALUES ('41','Traspaso asistencial','7');
INSERT INTO etapa_servicio (id,nombre,identornoxtipo) VALUES ('42','Antes de la consulta','8');
INSERT INTO etapa_servicio (id,nombre,identornoxtipo) VALUES ('43','Durante la consulta','8');
INSERT INTO etapa_servicio (id,nombre,identornoxtipo) VALUES ('44','Después de la consulta','8');
INSERT INTO etapa_servicio (id,nombre,identornoxtipo) VALUES ('45','Derivación','8');
INSERT INTO etapa_servicio (id,nombre,identornoxtipo) VALUES ('46','Traspaso asistencial','8');
INSERT INTO etapa_servicio (id,nombre,identornoxtipo) VALUES ('47','Antes del ingreso','9');
INSERT INTO etapa_servicio (id,nombre,identornoxtipo) VALUES ('48','Atención en el','9');
INSERT INTO etapa_servicio (id,nombre,identornoxtipo) VALUES ('49','momento del ingreso','9');
INSERT INTO etapa_servicio (id,nombre,identornoxtipo) VALUES ('50','Evaluación','9');
INSERT INTO etapa_servicio (id,nombre,identornoxtipo) VALUES ('51','Tratamiento','9');
INSERT INTO etapa_servicio (id,nombre,identornoxtipo) VALUES ('52','Alta','9');
INSERT INTO etapa_servicio (id,nombre,identornoxtipo) VALUES ('53','Después del alta','9');
INSERT INTO etapa_servicio (id,nombre,identornoxtipo) VALUES ('54','Traspaso asistencial','9');
INSERT INTO etapa_servicio (id,nombre,identornoxtipo) VALUES ('55','Evaluación','11');
INSERT INTO etapa_servicio (id,nombre,identornoxtipo) VALUES ('56','Dispensación de atención/medicación','11');
INSERT INTO etapa_servicio (id,nombre,identornoxtipo) VALUES ('57','Tratamiento','11');
INSERT INTO etapa_servicio (id,nombre,identornoxtipo) VALUES ('58','Asesoramiento','11');
INSERT INTO etapa_servicio (id,nombre,identornoxtipo) VALUES ('59','Vigilancia de la situación clínica','11');
INSERT INTO etapa_servicio (id,nombre,identornoxtipo) VALUES ('60','Gestión de las tareas domésticas habituales','11');
INSERT INTO etapa_servicio (id,nombre,identornoxtipo) VALUES ('61','Seguimiento','11');
INSERT INTO etapa_servicio (id,nombre,identornoxtipo) VALUES ('62','Traspaso asistencial','11');
INSERT INTO etapa_servicio (id,nombre,identornoxtipo) VALUES ('63','Antes de la consulta','13');
INSERT INTO etapa_servicio (id,nombre,identornoxtipo) VALUES ('64','Durante la consulta','13');
INSERT INTO etapa_servicio (id,nombre,identornoxtipo) VALUES ('65','Después de la consulta','13');
INSERT INTO etapa_servicio (id,nombre,identornoxtipo) VALUES ('66','Derivación/interconsulta','13');
INSERT INTO etapa_servicio (id,nombre,identornoxtipo) VALUES ('67','Traspaso asistencial','13');
INSERT INTO etapa_servicio (id,nombre,identornoxtipo) VALUES ('68','Seguimiento','13');
INSERT INTO etapa_servicio (id,nombre,identornoxtipo) VALUES ('69','Antes del ingreso','14');
INSERT INTO etapa_servicio (id,nombre,identornoxtipo) VALUES ('70','Atención en el momento del ingreso, incluida la atención preoperatoria','14');
INSERT INTO etapa_servicio (id,nombre,identornoxtipo) VALUES ('71','Atención durante el procedimiento','14');
INSERT INTO etapa_servicio (id,nombre,identornoxtipo) VALUES ('72','Atención postoperatoria inmediata o en UCI o unidad de grandes dependientes','14');
INSERT INTO etapa_servicio (id,nombre,identornoxtipo) VALUES ('73','Atención en planta','14');
INSERT INTO etapa_servicio (id,nombre,identornoxtipo) VALUES ('74','Traspaso asistencial','14');
INSERT INTO etapa_servicio (id,nombre,identornoxtipo) VALUES ('75','Alta','14');
INSERT INTO etapa_servicio (id,nombre,identornoxtipo) VALUES ('76','Después del alta','14');
INSERT INTO etapa_servicio (id,nombre,identornoxtipo) VALUES ('77','Antes de la consulta','15');
INSERT INTO etapa_servicio (id,nombre,identornoxtipo) VALUES ('78','Durante la consulta','15');
INSERT INTO etapa_servicio (id,nombre,identornoxtipo) VALUES ('79','Después de la consulta','15');
INSERT INTO etapa_servicio (id,nombre,identornoxtipo) VALUES ('80','Derivación','15');
INSERT INTO etapa_servicio (id,nombre,identornoxtipo) VALUES ('81','Traspaso asistencial','15');
INSERT INTO etapa_servicio (id,nombre,identornoxtipo) VALUES ('82','Antes del ingreso','16');
INSERT INTO etapa_servicio (id,nombre,identornoxtipo) VALUES ('83','Atención en el momento del ingreso, incluida la atención preoperatoria','16');
INSERT INTO etapa_servicio (id,nombre,identornoxtipo) VALUES ('84','Atención durante el procedimiento','16');
INSERT INTO etapa_servicio (id,nombre,identornoxtipo) VALUES ('85','Atención postoperatoria inmediata o en UCI o unidad de grandes dependientes','16');
INSERT INTO etapa_servicio (id,nombre,identornoxtipo) VALUES ('86','Atención en planta','16');
INSERT INTO etapa_servicio (id,nombre,identornoxtipo) VALUES ('87','Traspaso asistencial','16');
INSERT INTO etapa_servicio (id,nombre,identornoxtipo) VALUES ('88','Alta','16');
INSERT INTO etapa_servicio (id,nombre,identornoxtipo) VALUES ('89','Después del alta','16');
INSERT INTO etapa_servicio (id,nombre,identornoxtipo) VALUES ('90','Antes de la consulta','17');
INSERT INTO etapa_servicio (id,nombre,identornoxtipo) VALUES ('91','Durante la consulta','17');
INSERT INTO etapa_servicio (id,nombre,identornoxtipo) VALUES ('92','Después de la consulta','17');
INSERT INTO etapa_servicio (id,nombre,identornoxtipo) VALUES ('93','Derivación','17');
INSERT INTO etapa_servicio (id,nombre,identornoxtipo) VALUES ('94','Traspaso asistencial','17');
INSERT INTO etapa_servicio (id,nombre,identornoxtipo) VALUES ('95','Antes del ingreso','18');
INSERT INTO etapa_servicio (id,nombre,identornoxtipo) VALUES ('96','Atención en el momento del ingreso, incluida la atención preoperatoria','18');
INSERT INTO etapa_servicio (id,nombre,identornoxtipo) VALUES ('97','Atención durante el procedimiento','18');
INSERT INTO etapa_servicio (id,nombre,identornoxtipo) VALUES ('98','Atención postoperatoria inmediata o en UCI o unidad de grandes dependientes','18');
INSERT INTO etapa_servicio (id,nombre,identornoxtipo) VALUES ('99','Atención en planta','18');
INSERT INTO etapa_servicio (id,nombre,identornoxtipo) VALUES ('100','Traspaso asistencial','18');
INSERT INTO etapa_servicio (id,nombre,identornoxtipo) VALUES ('101','Alta','18');
INSERT INTO etapa_servicio (id,nombre,identornoxtipo) VALUES ('102','Después del alta','18');
INSERT INTO etapa_servicio (id,nombre,identornoxtipo) VALUES ('103','Antes de la consulta','19');
INSERT INTO etapa_servicio (id,nombre,identornoxtipo) VALUES ('104','Durante la consulta','19');
INSERT INTO etapa_servicio (id,nombre,identornoxtipo) VALUES ('105','Después de la consulta','19');
INSERT INTO etapa_servicio (id,nombre,identornoxtipo) VALUES ('106','Derivación','19');
INSERT INTO etapa_servicio (id,nombre,identornoxtipo) VALUES ('107','Traspaso asistencial','19');
INSERT INTO etapa_servicio (id,nombre,identornoxtipo) VALUES ('108','Antes del ingreso','20');
INSERT INTO etapa_servicio (id,nombre,identornoxtipo) VALUES ('109','Atención en el momento del ingreso, incluida la atención preoperatoria','20');
INSERT INTO etapa_servicio (id,nombre,identornoxtipo) VALUES ('110','Atención durante el procedimiento','20');
INSERT INTO etapa_servicio (id,nombre,identornoxtipo) VALUES ('111','Atención postoperatoria inmediata o en UCI o unidad de grandes dependientes','20');
INSERT INTO etapa_servicio (id,nombre,identornoxtipo) VALUES ('112','Atención en planta','20');
INSERT INTO etapa_servicio (id,nombre,identornoxtipo) VALUES ('113','Traspaso asistencial','20');
INSERT INTO etapa_servicio (id,nombre,identornoxtipo) VALUES ('114','Alta','20');
INSERT INTO etapa_servicio (id,nombre,identornoxtipo) VALUES ('115','Después del alta','20');
INSERT INTO etapa_servicio (id,nombre,identornoxtipo) VALUES ('116','Antes de la consulta','21');
INSERT INTO etapa_servicio (id,nombre,identornoxtipo) VALUES ('117','Durante la consulta','21');
INSERT INTO etapa_servicio (id,nombre,identornoxtipo) VALUES ('118','Después de la consulta','21');
INSERT INTO etapa_servicio (id,nombre,identornoxtipo) VALUES ('119','Derivación','21');
INSERT INTO etapa_servicio (id,nombre,identornoxtipo) VALUES ('120','Traspaso asistencial','21');
INSERT INTO etapa_servicio (id,nombre,identornoxtipo) VALUES ('121','Antes del ingreso','22');
INSERT INTO etapa_servicio (id,nombre,identornoxtipo) VALUES ('122','Atención en el momento del ingreso, incluida la atención preoperatoria','22');
INSERT INTO etapa_servicio (id,nombre,identornoxtipo) VALUES ('123','Atención durante el procedimiento','22');
INSERT INTO etapa_servicio (id,nombre,identornoxtipo) VALUES ('124','Atención postoperatoria inmediata o en UCI o unidad de grandes dependientes','22');
INSERT INTO etapa_servicio (id,nombre,identornoxtipo) VALUES ('125','Atención en planta','22');
INSERT INTO etapa_servicio (id,nombre,identornoxtipo) VALUES ('126','Traspaso asistencial','22');
INSERT INTO etapa_servicio (id,nombre,identornoxtipo) VALUES ('127','Alta','22');
INSERT INTO etapa_servicio (id,nombre,identornoxtipo) VALUES ('128','Después del alta','22');
INSERT INTO etapa_servicio (id,nombre,identornoxtipo) VALUES ('129','Antes de la consulta','23');
INSERT INTO etapa_servicio (id,nombre,identornoxtipo) VALUES ('130','Durante la consulta','23');
INSERT INTO etapa_servicio (id,nombre,identornoxtipo) VALUES ('131','Después de la consulta','23');
INSERT INTO etapa_servicio (id,nombre,identornoxtipo) VALUES ('132','Derivación','23');
INSERT INTO etapa_servicio (id,nombre,identornoxtipo) VALUES ('133','Traspaso asistencial','23');
INSERT INTO etapa_servicio (id,nombre,identornoxtipo) VALUES ('134','Antes del ingreso','24');
INSERT INTO etapa_servicio (id,nombre,identornoxtipo) VALUES ('135','Atención en el momento del ingreso, incluida la atención preoperatoria','24');
INSERT INTO etapa_servicio (id,nombre,identornoxtipo) VALUES ('136','Atención durante el procedimiento','24');
INSERT INTO etapa_servicio (id,nombre,identornoxtipo) VALUES ('137','Atención postoperatoria inmediata o en UCI o unidad de grandes dependientes','24');
INSERT INTO etapa_servicio (id,nombre,identornoxtipo) VALUES ('138','Atención en planta','24');
INSERT INTO etapa_servicio (id,nombre,identornoxtipo) VALUES ('139','Traspaso asistencial','24');
INSERT INTO etapa_servicio (id,nombre,identornoxtipo) VALUES ('140','Alta','24');
INSERT INTO etapa_servicio (id,nombre,identornoxtipo) VALUES ('141','Después del alta','24');
INSERT INTO etapa_servicio (id,nombre,identornoxtipo) VALUES ('142','Antes de la consulta','25');
INSERT INTO etapa_servicio (id,nombre,identornoxtipo) VALUES ('143','Durante la consulta','25');
INSERT INTO etapa_servicio (id,nombre,identornoxtipo) VALUES ('144','Después de la consulta','25');
INSERT INTO etapa_servicio (id,nombre,identornoxtipo) VALUES ('145','Derivación','25');
INSERT INTO etapa_servicio (id,nombre,identornoxtipo) VALUES ('146','Traspaso asistencial','25');
INSERT INTO etapa_servicio (id,nombre,identornoxtipo) VALUES ('147','Antes del ingreso','26');
INSERT INTO etapa_servicio (id,nombre,identornoxtipo) VALUES ('148','Atención en el momento del ingreso, incluida la atención preoperatoria','26');
INSERT INTO etapa_servicio (id,nombre,identornoxtipo) VALUES ('149','Atención durante el procedimiento','26');
INSERT INTO etapa_servicio (id,nombre,identornoxtipo) VALUES ('150','Atención postoperatoria inmediata o en UCI o unidad de grandes dependientes','26');
INSERT INTO etapa_servicio (id,nombre,identornoxtipo) VALUES ('151','Atención en planta','26');
INSERT INTO etapa_servicio (id,nombre,identornoxtipo) VALUES ('152','Traspaso asistencial','26');
INSERT INTO etapa_servicio (id,nombre,identornoxtipo) VALUES ('153','Alta','26');
INSERT INTO etapa_servicio (id,nombre,identornoxtipo) VALUES ('154','Después del alta','26');
INSERT INTO etapa_servicio (id,nombre,identornoxtipo) VALUES ('155','Antes de la consulta','27');
INSERT INTO etapa_servicio (id,nombre,identornoxtipo) VALUES ('156','Durante la consulta','27');
INSERT INTO etapa_servicio (id,nombre,identornoxtipo) VALUES ('157','Después de la consulta','27');
INSERT INTO etapa_servicio (id,nombre,identornoxtipo) VALUES ('158','Derivación','27');
INSERT INTO etapa_servicio (id,nombre,identornoxtipo) VALUES ('159','Traspaso asistencial','27');
INSERT INTO etapa_servicio (id,nombre,identornoxtipo) VALUES ('160','Antes del ingreso','28');
INSERT INTO etapa_servicio (id,nombre,identornoxtipo) VALUES ('161','Atención en el momento del ingreso, incluida la atención preoperatoria','28');
INSERT INTO etapa_servicio (id,nombre,identornoxtipo) VALUES ('162','Atención durante el procedimiento','28');
INSERT INTO etapa_servicio (id,nombre,identornoxtipo) VALUES ('163','Atención postoperatoria inmediata o en UCI o unidad de grandes dependientes','28');
INSERT INTO etapa_servicio (id,nombre,identornoxtipo) VALUES ('164','Atención en planta','28');
INSERT INTO etapa_servicio (id,nombre,identornoxtipo) VALUES ('165','Traspaso asistencial','28');
INSERT INTO etapa_servicio (id,nombre,identornoxtipo) VALUES ('166','Alta','28');
INSERT INTO etapa_servicio (id,nombre,identornoxtipo) VALUES ('167','Después del alta','28');
INSERT INTO etapa_servicio (id,nombre,identornoxtipo) VALUES ('168','Antes de la consulta','29');
INSERT INTO etapa_servicio (id,nombre,identornoxtipo) VALUES ('169','Durante la consulta','29');
INSERT INTO etapa_servicio (id,nombre,identornoxtipo) VALUES ('170','Después de la consulta','29');
INSERT INTO etapa_servicio (id,nombre,identornoxtipo) VALUES ('171','Derivación','29');
INSERT INTO etapa_servicio (id,nombre,identornoxtipo) VALUES ('172','Traspaso asistencial','29');
INSERT INTO etapa_servicio (id,nombre,identornoxtipo) VALUES ('173','Antes del ingreso','30');
INSERT INTO etapa_servicio (id,nombre,identornoxtipo) VALUES ('174','Atención en el momento del ingreso, incluida la atención preoperatoria','30');
INSERT INTO etapa_servicio (id,nombre,identornoxtipo) VALUES ('175','Atención durante el procedimiento','30');
INSERT INTO etapa_servicio (id,nombre,identornoxtipo) VALUES ('176','Atención postoperatoria inmediata o en UCI o unidad de grandes dependientes','30');
INSERT INTO etapa_servicio (id,nombre,identornoxtipo) VALUES ('177','Atención en planta','30');
INSERT INTO etapa_servicio (id,nombre,identornoxtipo) VALUES ('178','Traspaso asistencial','30');
INSERT INTO etapa_servicio (id,nombre,identornoxtipo) VALUES ('179','Alta','30');
INSERT INTO etapa_servicio (id,nombre,identornoxtipo) VALUES ('180','Después del alta','30');
INSERT INTO etapa_servicio (id,nombre,identornoxtipo) VALUES ('181','Antes de la consulta','31');
INSERT INTO etapa_servicio (id,nombre,identornoxtipo) VALUES ('182','Durante la consulta','31');
INSERT INTO etapa_servicio (id,nombre,identornoxtipo) VALUES ('183','Después de la consulta','31');
INSERT INTO etapa_servicio (id,nombre,identornoxtipo) VALUES ('184','Derivación','31');
INSERT INTO etapa_servicio (id,nombre,identornoxtipo) VALUES ('185','Traspaso asistencial','31');
INSERT INTO etapa_servicio (id,nombre,identornoxtipo) VALUES ('186','Antes del ingreso','32');
INSERT INTO etapa_servicio (id,nombre,identornoxtipo) VALUES ('187','Atención en el momento del ingreso, incluida la atención preoperatoria','32');
INSERT INTO etapa_servicio (id,nombre,identornoxtipo) VALUES ('188','Atención durante el procedimiento','32');
INSERT INTO etapa_servicio (id,nombre,identornoxtipo) VALUES ('189','Atención postoperatoria inmediata o en UCI o unidad de grandes dependientes','32');
INSERT INTO etapa_servicio (id,nombre,identornoxtipo) VALUES ('190','Atención en planta','32');
INSERT INTO etapa_servicio (id,nombre,identornoxtipo) VALUES ('191','Traspaso asistencial','32');
INSERT INTO etapa_servicio (id,nombre,identornoxtipo) VALUES ('192','Alta','32');
INSERT INTO etapa_servicio (id,nombre,identornoxtipo) VALUES ('193','Después del alta','32');
INSERT INTO etapa_servicio (id,nombre,identornoxtipo) VALUES ('194','Antes de la consulta','33');
INSERT INTO etapa_servicio (id,nombre,identornoxtipo) VALUES ('195','Durante la consulta','33');
INSERT INTO etapa_servicio (id,nombre,identornoxtipo) VALUES ('196','Después de la consulta','33');
INSERT INTO etapa_servicio (id,nombre,identornoxtipo) VALUES ('197','Derivación','33');
INSERT INTO etapa_servicio (id,nombre,identornoxtipo) VALUES ('198','Traspaso asistencial','33');
INSERT INTO etapa_servicio (id,nombre,identornoxtipo) VALUES ('199','Antes del ingreso','34');
INSERT INTO etapa_servicio (id,nombre,identornoxtipo) VALUES ('200','Atención en el momento del ingreso, incluida la atención preoperatoria','34');
INSERT INTO etapa_servicio (id,nombre,identornoxtipo) VALUES ('201','Atención durante el procedimiento','34');
INSERT INTO etapa_servicio (id,nombre,identornoxtipo) VALUES ('202','Atención postoperatoria inmediata o en UCI o unidad de grandes dependientes','34');
INSERT INTO etapa_servicio (id,nombre,identornoxtipo) VALUES ('203','Atención en planta','34');
INSERT INTO etapa_servicio (id,nombre,identornoxtipo) VALUES ('204','Traspaso asistencial','34');
INSERT INTO etapa_servicio (id,nombre,identornoxtipo) VALUES ('205','Alta','34');
INSERT INTO etapa_servicio (id,nombre,identornoxtipo) VALUES ('206','Después del alta','34');
INSERT INTO etapa_servicio (id,nombre,identornoxtipo) VALUES ('207','Antes de la consulta','35');
INSERT INTO etapa_servicio (id,nombre,identornoxtipo) VALUES ('208','Durante la consulta','35');
INSERT INTO etapa_servicio (id,nombre,identornoxtipo) VALUES ('209','Después de la consulta','35');
INSERT INTO etapa_servicio (id,nombre,identornoxtipo) VALUES ('210','Derivación','35');
INSERT INTO etapa_servicio (id,nombre,identornoxtipo) VALUES ('211','Traspaso asistencial','35');
INSERT INTO etapa_servicio (id,nombre,identornoxtipo) VALUES ('212','Antes del ingreso','36');
INSERT INTO etapa_servicio (id,nombre,identornoxtipo) VALUES ('213','Atención en el momento del ingreso, incluida la atención preoperatoria','36');
INSERT INTO etapa_servicio (id,nombre,identornoxtipo) VALUES ('214','Atención durante el procedimiento','36');
INSERT INTO etapa_servicio (id,nombre,identornoxtipo) VALUES ('215','Atención postoperatoria inmediata o en UCI o unidad de grandes dependientes','36');
INSERT INTO etapa_servicio (id,nombre,identornoxtipo) VALUES ('216','Atención en planta','36');
INSERT INTO etapa_servicio (id,nombre,identornoxtipo) VALUES ('217','Traspaso asistencial','36');
INSERT INTO etapa_servicio (id,nombre,identornoxtipo) VALUES ('218','Alta','36');
INSERT INTO etapa_servicio (id,nombre,identornoxtipo) VALUES ('219','Después del alta','36');
INSERT INTO etapa_servicio (id,nombre,identornoxtipo) VALUES ('220','Antes de la consulta','37');
INSERT INTO etapa_servicio (id,nombre,identornoxtipo) VALUES ('221','Durante la consulta','37');
INSERT INTO etapa_servicio (id,nombre,identornoxtipo) VALUES ('222','Después de la consulta','37');
INSERT INTO etapa_servicio (id,nombre,identornoxtipo) VALUES ('223','Derivación','37');
INSERT INTO etapa_servicio (id,nombre,identornoxtipo) VALUES ('224','Traspaso asistencial','37');
INSERT INTO etapa_servicio (id,nombre,identornoxtipo) VALUES ('225','Antes del ingreso','38');
INSERT INTO etapa_servicio (id,nombre,identornoxtipo) VALUES ('226','Atención en el momento del ingreso, incluida la atención preoperatoria','38');
INSERT INTO etapa_servicio (id,nombre,identornoxtipo) VALUES ('227','Atención durante el procedimiento','38');
INSERT INTO etapa_servicio (id,nombre,identornoxtipo) VALUES ('228','Atención postoperatoria inmediata o en UCI o unidad de grandes dependientes','38');
INSERT INTO etapa_servicio (id,nombre,identornoxtipo) VALUES ('229','Atención en planta','38');
INSERT INTO etapa_servicio (id,nombre,identornoxtipo) VALUES ('230','Traspaso asistencial','38');
INSERT INTO etapa_servicio (id,nombre,identornoxtipo) VALUES ('231','Alta','38');
INSERT INTO etapa_servicio (id,nombre,identornoxtipo) VALUES ('232','Después del alta','38');
INSERT INTO etapa_servicio (id,nombre,identornoxtipo) VALUES ('233','Antes de la consulta','39');
INSERT INTO etapa_servicio (id,nombre,identornoxtipo) VALUES ('234','Durante la consulta','39');
INSERT INTO etapa_servicio (id,nombre,identornoxtipo) VALUES ('235','Después de la consulta','39');
INSERT INTO etapa_servicio (id,nombre,identornoxtipo) VALUES ('236','Derivación','39');
INSERT INTO etapa_servicio (id,nombre,identornoxtipo) VALUES ('237','Traspaso asistencial','39');
INSERT INTO etapa_servicio (id,nombre,identornoxtipo) VALUES ('238','Antes del ingreso','40');
INSERT INTO etapa_servicio (id,nombre,identornoxtipo) VALUES ('239','Atención en el momento del ingreso, incluida la atención preoperatoria','40');
INSERT INTO etapa_servicio (id,nombre,identornoxtipo) VALUES ('240','Atención durante el procedimiento','40');
INSERT INTO etapa_servicio (id,nombre,identornoxtipo) VALUES ('241','Atención postoperatoria inmediata o en UCI o unidad de grandes dependientes','40');
INSERT INTO etapa_servicio (id,nombre,identornoxtipo) VALUES ('242','Atención en planta','40');
INSERT INTO etapa_servicio (id,nombre,identornoxtipo) VALUES ('243','Traspaso asistencial','40');
INSERT INTO etapa_servicio (id,nombre,identornoxtipo) VALUES ('244','Alta','40');
INSERT INTO etapa_servicio (id,nombre,identornoxtipo) VALUES ('245','Después del alta','40');
INSERT INTO etapa_servicio (id,nombre,identornoxtipo) VALUES ('246','Antes de la consulta','41');
INSERT INTO etapa_servicio (id,nombre,identornoxtipo) VALUES ('247','Durante la consulta','41');
INSERT INTO etapa_servicio (id,nombre,identornoxtipo) VALUES ('248','Después de la consulta','41');
INSERT INTO etapa_servicio (id,nombre,identornoxtipo) VALUES ('249','Derivación','41');
INSERT INTO etapa_servicio (id,nombre,identornoxtipo) VALUES ('250','Traspaso asistencial','41');
INSERT INTO etapa_servicio (id,nombre,identornoxtipo) VALUES ('251','Antes del ingreso','42');
INSERT INTO etapa_servicio (id,nombre,identornoxtipo) VALUES ('252','Atención en el momento del ingreso, incluida la atención preoperatoria','42');
INSERT INTO etapa_servicio (id,nombre,identornoxtipo) VALUES ('253','Atención durante el procedimiento','42');
INSERT INTO etapa_servicio (id,nombre,identornoxtipo) VALUES ('254','Atención postoperatoria inmediata o en UCI o unidad de grandes dependientes','42');
INSERT INTO etapa_servicio (id,nombre,identornoxtipo) VALUES ('255','Atención en planta','42');
INSERT INTO etapa_servicio (id,nombre,identornoxtipo) VALUES ('256','Traspaso asistencial','42');
INSERT INTO etapa_servicio (id,nombre,identornoxtipo) VALUES ('257','Alta','42');
INSERT INTO etapa_servicio (id,nombre,identornoxtipo) VALUES ('258','Después del alta','42');
INSERT INTO etapa_servicio (id,nombre,identornoxtipo) VALUES ('259','Antes de la consulta','43');
INSERT INTO etapa_servicio (id,nombre,identornoxtipo) VALUES ('260','Durante la consulta','43');
INSERT INTO etapa_servicio (id,nombre,identornoxtipo) VALUES ('261','Después de la consulta','43');
INSERT INTO etapa_servicio (id,nombre,identornoxtipo) VALUES ('262','Derivación','43');
INSERT INTO etapa_servicio (id,nombre,identornoxtipo) VALUES ('263','Traspaso asistencial','43');
INSERT INTO etapa_servicio (id,nombre,identornoxtipo) VALUES ('264','Antes del ingreso','44');
INSERT INTO etapa_servicio (id,nombre,identornoxtipo) VALUES ('265','Atención en el momento del ingreso, incluida la atención preoperatoria','44');
INSERT INTO etapa_servicio (id,nombre,identornoxtipo) VALUES ('266','Atención durante el procedimiento','44');
INSERT INTO etapa_servicio (id,nombre,identornoxtipo) VALUES ('267','Atención postoperatoria inmediata o en UCI o unidad de grandes dependientes','44');
INSERT INTO etapa_servicio (id,nombre,identornoxtipo) VALUES ('268','Atención en planta','44');
INSERT INTO etapa_servicio (id,nombre,identornoxtipo) VALUES ('269','Traspaso asistencial','44');
INSERT INTO etapa_servicio (id,nombre,identornoxtipo) VALUES ('270','Alta','44');
INSERT INTO etapa_servicio (id,nombre,identornoxtipo) VALUES ('271','Después del alta','44');
INSERT INTO etapa_servicio (id,nombre,identornoxtipo) VALUES ('272','Antes de la consulta','45');
INSERT INTO etapa_servicio (id,nombre,identornoxtipo) VALUES ('273','Durante la consulta','45');
INSERT INTO etapa_servicio (id,nombre,identornoxtipo) VALUES ('274','Después de la consulta','45');
INSERT INTO etapa_servicio (id,nombre,identornoxtipo) VALUES ('275','Derivación','45');
INSERT INTO etapa_servicio (id,nombre,identornoxtipo) VALUES ('276','Traspaso asistencial','45');
INSERT INTO etapa_servicio (id,nombre,identornoxtipo) VALUES ('277','Antes del ingreso','46');
INSERT INTO etapa_servicio (id,nombre,identornoxtipo) VALUES ('278','Atención en el momento del ingreso, incluida la atención preoperatoria','46');
INSERT INTO etapa_servicio (id,nombre,identornoxtipo) VALUES ('279','Atención durante el procedimiento','46');
INSERT INTO etapa_servicio (id,nombre,identornoxtipo) VALUES ('280','Atención postoperatoria inmediata o en UCI o unidad de grandes dependientes','46');
INSERT INTO etapa_servicio (id,nombre,identornoxtipo) VALUES ('281','Atención en planta','46');
INSERT INTO etapa_servicio (id,nombre,identornoxtipo) VALUES ('282','Traspaso asistencial','46');
INSERT INTO etapa_servicio (id,nombre,identornoxtipo) VALUES ('283','Alta','46');
INSERT INTO etapa_servicio (id,nombre,identornoxtipo) VALUES ('284','Después del alta','46');
INSERT INTO etapa_servicio (id,nombre,identornoxtipo) VALUES ('285','Antes de la consulta','47');
INSERT INTO etapa_servicio (id,nombre,identornoxtipo) VALUES ('286','Durante la consulta','47');
INSERT INTO etapa_servicio (id,nombre,identornoxtipo) VALUES ('287','Después de la consulta','47');
INSERT INTO etapa_servicio (id,nombre,identornoxtipo) VALUES ('288','Derivación','47');
INSERT INTO etapa_servicio (id,nombre,identornoxtipo) VALUES ('289','Traspaso asistencial','47');
INSERT INTO etapa_servicio (id,nombre,identornoxtipo) VALUES ('290','Antes del ingreso','48');
INSERT INTO etapa_servicio (id,nombre,identornoxtipo) VALUES ('291','Atención en el momento del ingreso, incluida la atención preoperatoria','48');
INSERT INTO etapa_servicio (id,nombre,identornoxtipo) VALUES ('292','Atención durante el procedimiento','48');
INSERT INTO etapa_servicio (id,nombre,identornoxtipo) VALUES ('293','Atención postoperatoria inmediata o en UCI o unidad de grandes dependientes','48');
INSERT INTO etapa_servicio (id,nombre,identornoxtipo) VALUES ('294','Atención en planta','48');
INSERT INTO etapa_servicio (id,nombre,identornoxtipo) VALUES ('295','Traspaso asistencial','48');
INSERT INTO etapa_servicio (id,nombre,identornoxtipo) VALUES ('296','Alta','48');
INSERT INTO etapa_servicio (id,nombre,identornoxtipo) VALUES ('297','Después del alta','48');
INSERT INTO etapa_servicio (id,nombre,identornoxtipo) VALUES ('298','Antes de la consulta','49');
INSERT INTO etapa_servicio (id,nombre,identornoxtipo) VALUES ('299','Durante la consulta','49');
INSERT INTO etapa_servicio (id,nombre,identornoxtipo) VALUES ('300','Después de la consulta','49');
INSERT INTO etapa_servicio (id,nombre,identornoxtipo) VALUES ('301','Derivación','49');
INSERT INTO etapa_servicio (id,nombre,identornoxtipo) VALUES ('302','Traspaso asistencial','49');
INSERT INTO etapa_servicio (id,nombre,identornoxtipo) VALUES ('303','Antes del ingreso','50');
INSERT INTO etapa_servicio (id,nombre,identornoxtipo) VALUES ('304','Atención en el momento del ingreso, incluida la atención preoperatoria','50');
INSERT INTO etapa_servicio (id,nombre,identornoxtipo) VALUES ('305','Atención durante el procedimiento','50');
INSERT INTO etapa_servicio (id,nombre,identornoxtipo) VALUES ('306','Atención postoperatoria inmediata o en UCI o unidad de grandes dependientes','50');
INSERT INTO etapa_servicio (id,nombre,identornoxtipo) VALUES ('307','Atención en planta','50');
INSERT INTO etapa_servicio (id,nombre,identornoxtipo) VALUES ('308','Traspaso asistencial','50');
INSERT INTO etapa_servicio (id,nombre,identornoxtipo) VALUES ('309','Alta','50');
INSERT INTO etapa_servicio (id,nombre,identornoxtipo) VALUES ('310','Después del alta','50');
INSERT INTO etapa_servicio (id,nombre,identornoxtipo) VALUES ('311','Antes de la consulta','51');
INSERT INTO etapa_servicio (id,nombre,identornoxtipo) VALUES ('312','Durante la consulta','51');
INSERT INTO etapa_servicio (id,nombre,identornoxtipo) VALUES ('313','Después de la consulta','51');
INSERT INTO etapa_servicio (id,nombre,identornoxtipo) VALUES ('314','Derivación','51');
INSERT INTO etapa_servicio (id,nombre,identornoxtipo) VALUES ('315','Traspaso asistencial','51');
INSERT INTO etapa_servicio (id,nombre,identornoxtipo) VALUES ('316','Antes del ingreso','52');
INSERT INTO etapa_servicio (id,nombre,identornoxtipo) VALUES ('317','Atención en el momento del ingreso, incluida la atención preoperatoria','52');
INSERT INTO etapa_servicio (id,nombre,identornoxtipo) VALUES ('318','Atención durante el procedimiento','52');
INSERT INTO etapa_servicio (id,nombre,identornoxtipo) VALUES ('319','Atención postoperatoria inmediata o en UCI o unidad de grandes dependientes','52');
INSERT INTO etapa_servicio (id,nombre,identornoxtipo) VALUES ('320','Atención en planta','52');
INSERT INTO etapa_servicio (id,nombre,identornoxtipo) VALUES ('321','Traspaso asistencial','52');
INSERT INTO etapa_servicio (id,nombre,identornoxtipo) VALUES ('322','Alta','52');
INSERT INTO etapa_servicio (id,nombre,identornoxtipo) VALUES ('323','Después del alta','52');
INSERT INTO etapa_servicio (id,nombre,identornoxtipo) VALUES ('324','Antes de la consulta','53');
INSERT INTO etapa_servicio (id,nombre,identornoxtipo) VALUES ('325','Durante la consulta','53');
INSERT INTO etapa_servicio (id,nombre,identornoxtipo) VALUES ('326','Después de la consulta','53');
INSERT INTO etapa_servicio (id,nombre,identornoxtipo) VALUES ('327','Derivación','53');
INSERT INTO etapa_servicio (id,nombre,identornoxtipo) VALUES ('328','Traspaso asistencial','53');
INSERT INTO etapa_servicio (id,nombre,identornoxtipo) VALUES ('329','Antes del ingreso','54');
INSERT INTO etapa_servicio (id,nombre,identornoxtipo) VALUES ('330','Atención en el momento del ingreso, incluida la atención preoperatoria','54');
INSERT INTO etapa_servicio (id,nombre,identornoxtipo) VALUES ('331','Atención durante el procedimiento','54');
INSERT INTO etapa_servicio (id,nombre,identornoxtipo) VALUES ('332','Atención postoperatoria inmediata o en UCI o unidad de grandes dependientes','54');
INSERT INTO etapa_servicio (id,nombre,identornoxtipo) VALUES ('333','Atención en planta','54');
INSERT INTO etapa_servicio (id,nombre,identornoxtipo) VALUES ('334','Traspaso asistencial','54');
INSERT INTO etapa_servicio (id,nombre,identornoxtipo) VALUES ('335','Alta','54');
INSERT INTO etapa_servicio (id,nombre,identornoxtipo) VALUES ('336','Después del alta','54');
INSERT INTO etapa_servicio (id,nombre,identornoxtipo) VALUES ('337','Antes de la consulta','55');
INSERT INTO etapa_servicio (id,nombre,identornoxtipo) VALUES ('338','Durante la consulta','55');
INSERT INTO etapa_servicio (id,nombre,identornoxtipo) VALUES ('339','Después de la consulta','55');
INSERT INTO etapa_servicio (id,nombre,identornoxtipo) VALUES ('340','Derivación','55');
INSERT INTO etapa_servicio (id,nombre,identornoxtipo) VALUES ('341','Traspaso asistencial','55');
INSERT INTO etapa_servicio (id,nombre,identornoxtipo) VALUES ('342','Antes del ingreso','56');
INSERT INTO etapa_servicio (id,nombre,identornoxtipo) VALUES ('343','Atención en el momento del ingreso, incluida la atención preoperatoria','56');
INSERT INTO etapa_servicio (id,nombre,identornoxtipo) VALUES ('344','Atención durante el procedimiento','56');
INSERT INTO etapa_servicio (id,nombre,identornoxtipo) VALUES ('345','Atención postoperatoria inmediata o en UCI o unidad de grandes dependientes','56');
INSERT INTO etapa_servicio (id,nombre,identornoxtipo) VALUES ('346','Atención en planta','56');
INSERT INTO etapa_servicio (id,nombre,identornoxtipo) VALUES ('347','Traspaso asistencial','56');
INSERT INTO etapa_servicio (id,nombre,identornoxtipo) VALUES ('348','Alta','56');
INSERT INTO etapa_servicio (id,nombre,identornoxtipo) VALUES ('349','Después del alta','56');
INSERT INTO etapa_servicio (id,nombre,identornoxtipo) VALUES ('350','Antes de la consulta','57');
INSERT INTO etapa_servicio (id,nombre,identornoxtipo) VALUES ('351','Durante la consulta','57');
INSERT INTO etapa_servicio (id,nombre,identornoxtipo) VALUES ('352','Después de la consulta','57');
INSERT INTO etapa_servicio (id,nombre,identornoxtipo) VALUES ('353','Derivación','57');
INSERT INTO etapa_servicio (id,nombre,identornoxtipo) VALUES ('354','Traspaso asistencial','57');
INSERT INTO etapa_servicio (id,nombre,identornoxtipo) VALUES ('355','Antes del ingreso','58');
INSERT INTO etapa_servicio (id,nombre,identornoxtipo) VALUES ('356','Atención en el momento del ingreso, incluida la atención preoperatoria','58');
INSERT INTO etapa_servicio (id,nombre,identornoxtipo) VALUES ('357','Atención durante el procedimiento','58');
INSERT INTO etapa_servicio (id,nombre,identornoxtipo) VALUES ('358','Atención postoperatoria inmediata o en UCI o unidad de grandes dependientes','58');
INSERT INTO etapa_servicio (id,nombre,identornoxtipo) VALUES ('359','Atención en planta','58');
INSERT INTO etapa_servicio (id,nombre,identornoxtipo) VALUES ('360','Traspaso asistencial','58');
INSERT INTO etapa_servicio (id,nombre,identornoxtipo) VALUES ('361','Alta','58');
INSERT INTO etapa_servicio (id,nombre,identornoxtipo) VALUES ('362','Después del alta','58');
INSERT INTO etapa_servicio (id,nombre,identornoxtipo) VALUES ('363','Antes de la consulta','59');
INSERT INTO etapa_servicio (id,nombre,identornoxtipo) VALUES ('364','Durante la consulta','59');
INSERT INTO etapa_servicio (id,nombre,identornoxtipo) VALUES ('365','Después de la consulta','59');
INSERT INTO etapa_servicio (id,nombre,identornoxtipo) VALUES ('366','Derivación','59');
INSERT INTO etapa_servicio (id,nombre,identornoxtipo) VALUES ('367','Traspaso asistencial','59');
INSERT INTO etapa_servicio (id,nombre,identornoxtipo) VALUES ('368','Antes del ingreso','60');
INSERT INTO etapa_servicio (id,nombre,identornoxtipo) VALUES ('369','Atención en el momento del ingreso, incluida la atención preoperatoria','60');
INSERT INTO etapa_servicio (id,nombre,identornoxtipo) VALUES ('370','Atención durante el procedimiento','60');
INSERT INTO etapa_servicio (id,nombre,identornoxtipo) VALUES ('371','Atención postoperatoria inmediata o en UCI o unidad de grandes dependientes','60');
INSERT INTO etapa_servicio (id,nombre,identornoxtipo) VALUES ('372','Atención en planta','60');
INSERT INTO etapa_servicio (id,nombre,identornoxtipo) VALUES ('373','Traspaso asistencial','60');
INSERT INTO etapa_servicio (id,nombre,identornoxtipo) VALUES ('374','Alta','60');
INSERT INTO etapa_servicio (id,nombre,identornoxtipo) VALUES ('375','Después del alta','60');
INSERT INTO etapa_servicio (id,nombre,identornoxtipo) VALUES ('376','Antes de la consulta','61');
INSERT INTO etapa_servicio (id,nombre,identornoxtipo) VALUES ('377','Durante la consulta','61');
INSERT INTO etapa_servicio (id,nombre,identornoxtipo) VALUES ('378','Después de la consulta','61');
INSERT INTO etapa_servicio (id,nombre,identornoxtipo) VALUES ('379','Derivación','61');
INSERT INTO etapa_servicio (id,nombre,identornoxtipo) VALUES ('380','Traspaso asistencial','61');
INSERT INTO etapa_servicio (id,nombre,identornoxtipo) VALUES ('381','Antes del ingreso','62');
INSERT INTO etapa_servicio (id,nombre,identornoxtipo) VALUES ('382','Atención en el momento del ingreso, incluida la atención preoperatoria','62');
INSERT INTO etapa_servicio (id,nombre,identornoxtipo) VALUES ('383','Atención durante el procedimiento','62');
INSERT INTO etapa_servicio (id,nombre,identornoxtipo) VALUES ('384','Atención postoperatoria inmediata o en UCI o unidad de grandes dependientes','62');
INSERT INTO etapa_servicio (id,nombre,identornoxtipo) VALUES ('385','Atención en planta','62');
INSERT INTO etapa_servicio (id,nombre,identornoxtipo) VALUES ('386','Traspaso asistencial','62');
INSERT INTO etapa_servicio (id,nombre,identornoxtipo) VALUES ('387','Alta','62');
INSERT INTO etapa_servicio (id,nombre,identornoxtipo) VALUES ('388','Después del alta','62');
INSERT INTO etapa_servicio (id,nombre,identornoxtipo) VALUES ('389','Antes de la consulta','63');
INSERT INTO etapa_servicio (id,nombre,identornoxtipo) VALUES ('390','Durante la consulta','63');
INSERT INTO etapa_servicio (id,nombre,identornoxtipo) VALUES ('391','Después de la consulta','63');
INSERT INTO etapa_servicio (id,nombre,identornoxtipo) VALUES ('392','Derivación','63');
INSERT INTO etapa_servicio (id,nombre,identornoxtipo) VALUES ('393','Traspaso asistencial','63');
INSERT INTO etapa_servicio (id,nombre,identornoxtipo) VALUES ('394','Antes del ingreso','64');
INSERT INTO etapa_servicio (id,nombre,identornoxtipo) VALUES ('395','Atención en el momento del ingreso, incluida la atención preoperatoria','64');
INSERT INTO etapa_servicio (id,nombre,identornoxtipo) VALUES ('396','Atención durante el procedimiento','64');
INSERT INTO etapa_servicio (id,nombre,identornoxtipo) VALUES ('397','Atención postoperatoria inmediata o en UCI o unidad de grandes dependientes','64');
INSERT INTO etapa_servicio (id,nombre,identornoxtipo) VALUES ('398','Atención en planta','64');
INSERT INTO etapa_servicio (id,nombre,identornoxtipo) VALUES ('399','Traspaso asistencial','64');
INSERT INTO etapa_servicio (id,nombre,identornoxtipo) VALUES ('400','Alta','64');
INSERT INTO etapa_servicio (id,nombre,identornoxtipo) VALUES ('401','Después del alta','64');
INSERT INTO etapa_servicio (id,nombre,identornoxtipo) VALUES ('402','Antes de la consulta','65');
INSERT INTO etapa_servicio (id,nombre,identornoxtipo) VALUES ('403','Durante la consulta','65');
INSERT INTO etapa_servicio (id,nombre,identornoxtipo) VALUES ('404','Después de la consulta','65');
INSERT INTO etapa_servicio (id,nombre,identornoxtipo) VALUES ('405','Derivación','65');
INSERT INTO etapa_servicio (id,nombre,identornoxtipo) VALUES ('406','Traspaso asistencial','65');
INSERT INTO etapa_servicio (id,nombre,identornoxtipo) VALUES ('407','Antes del ingreso','66');
INSERT INTO etapa_servicio (id,nombre,identornoxtipo) VALUES ('408','Atención en el momento del ingreso, incluida la atención preoperatoria','66');
INSERT INTO etapa_servicio (id,nombre,identornoxtipo) VALUES ('409','Atención durante el procedimiento','66');
INSERT INTO etapa_servicio (id,nombre,identornoxtipo) VALUES ('410','Atención postoperatoria inmediata o en UCI o unidad de grandes dependientes','66');
INSERT INTO etapa_servicio (id,nombre,identornoxtipo) VALUES ('411','Atención en planta','66');
INSERT INTO etapa_servicio (id,nombre,identornoxtipo) VALUES ('412','Traspaso asistencial','66');
INSERT INTO etapa_servicio (id,nombre,identornoxtipo) VALUES ('413','Alta','66');
INSERT INTO etapa_servicio (id,nombre,identornoxtipo) VALUES ('414','Después del alta','66');
INSERT INTO etapa_servicio (id,nombre,identornoxtipo) VALUES ('415','Antes de la consulta','67');
INSERT INTO etapa_servicio (id,nombre,identornoxtipo) VALUES ('416','Durante la consulta','67');
INSERT INTO etapa_servicio (id,nombre,identornoxtipo) VALUES ('417','Después de la consulta','67');
INSERT INTO etapa_servicio (id,nombre,identornoxtipo) VALUES ('418','Derivación','67');
INSERT INTO etapa_servicio (id,nombre,identornoxtipo) VALUES ('419','Traspaso asistencial','67');
INSERT INTO etapa_servicio (id,nombre,identornoxtipo) VALUES ('420','Antes del ingreso','68');
INSERT INTO etapa_servicio (id,nombre,identornoxtipo) VALUES ('421','Atención en el momento del ingreso, incluida la atención preoperatoria','68');
INSERT INTO etapa_servicio (id,nombre,identornoxtipo) VALUES ('422','Atención durante el procedimiento','68');
INSERT INTO etapa_servicio (id,nombre,identornoxtipo) VALUES ('423','Atención postoperatoria inmediata o en UCI o unidad de grandes dependientes','68');
INSERT INTO etapa_servicio (id,nombre,identornoxtipo) VALUES ('424','Atención en planta','68');
INSERT INTO etapa_servicio (id,nombre,identornoxtipo) VALUES ('425','Traspaso asistencial','68');
INSERT INTO etapa_servicio (id,nombre,identornoxtipo) VALUES ('426','Alta','68');
INSERT INTO etapa_servicio (id,nombre,identornoxtipo) VALUES ('427','Después del alta','68');
INSERT INTO etapa_servicio (id,nombre,identornoxtipo) VALUES ('428','Antes de la consulta','69');
INSERT INTO etapa_servicio (id,nombre,identornoxtipo) VALUES ('429','Durante la consulta','69');
INSERT INTO etapa_servicio (id,nombre,identornoxtipo) VALUES ('430','Después de la consulta','69');
INSERT INTO etapa_servicio (id,nombre,identornoxtipo) VALUES ('431','Derivación','69');
INSERT INTO etapa_servicio (id,nombre,identornoxtipo) VALUES ('432','Traspaso asistencial','69');
INSERT INTO etapa_servicio (id,nombre,identornoxtipo) VALUES ('433','Antes del ingreso','70');
INSERT INTO etapa_servicio (id,nombre,identornoxtipo) VALUES ('434','Atención en el momento del ingreso, incluida la atención preoperatoria','70');
INSERT INTO etapa_servicio (id,nombre,identornoxtipo) VALUES ('435','Atención durante el procedimiento','70');
INSERT INTO etapa_servicio (id,nombre,identornoxtipo) VALUES ('436','Atención postoperatoria inmediata o en UCI o unidad de grandes dependientes','70');
INSERT INTO etapa_servicio (id,nombre,identornoxtipo) VALUES ('437','Atención en planta','70');
INSERT INTO etapa_servicio (id,nombre,identornoxtipo) VALUES ('438','Traspaso asistencial','70');
INSERT INTO etapa_servicio (id,nombre,identornoxtipo) VALUES ('439','Alta','70');
INSERT INTO etapa_servicio (id,nombre,identornoxtipo) VALUES ('440','Después del alta','70');
INSERT INTO etapa_servicio (id,nombre,identornoxtipo) VALUES ('441','Antes de la consulta','71');
INSERT INTO etapa_servicio (id,nombre,identornoxtipo) VALUES ('442','Durante la consulta','71');
INSERT INTO etapa_servicio (id,nombre,identornoxtipo) VALUES ('443','Después de la consulta','71');
INSERT INTO etapa_servicio (id,nombre,identornoxtipo) VALUES ('444','Derivación','71');
INSERT INTO etapa_servicio (id,nombre,identornoxtipo) VALUES ('445','Traspaso asistencial','71');
INSERT INTO etapa_servicio (id,nombre,identornoxtipo) VALUES ('446','Antes del ingreso','72');
INSERT INTO etapa_servicio (id,nombre,identornoxtipo) VALUES ('447','Atención en el momento del ingreso, incluida la atención preoperatoria','72');
INSERT INTO etapa_servicio (id,nombre,identornoxtipo) VALUES ('448','Atención durante el procedimiento','72');
INSERT INTO etapa_servicio (id,nombre,identornoxtipo) VALUES ('449','Atención postoperatoria inmediata o en UCI o unidad de grandes dependientes','72');
INSERT INTO etapa_servicio (id,nombre,identornoxtipo) VALUES ('450','Atención en planta','72');
INSERT INTO etapa_servicio (id,nombre,identornoxtipo) VALUES ('451','Traspaso asistencial','72');
INSERT INTO etapa_servicio (id,nombre,identornoxtipo) VALUES ('452','Alta','72');
INSERT INTO etapa_servicio (id,nombre,identornoxtipo) VALUES ('453','Después del alta','72');
INSERT INTO etapa_servicio (id,nombre,identornoxtipo) VALUES ('454','Antes de la consulta','73');
INSERT INTO etapa_servicio (id,nombre,identornoxtipo) VALUES ('455','Durante la consulta','73');
INSERT INTO etapa_servicio (id,nombre,identornoxtipo) VALUES ('456','Después de la consulta','73');
INSERT INTO etapa_servicio (id,nombre,identornoxtipo) VALUES ('457','Derivación','73');
INSERT INTO etapa_servicio (id,nombre,identornoxtipo) VALUES ('458','Traspaso asistencial','73');
INSERT INTO etapa_servicio (id,nombre,identornoxtipo) VALUES ('459','Antes del ingreso','74');
INSERT INTO etapa_servicio (id,nombre,identornoxtipo) VALUES ('460','Atención en el momento del ingreso, incluida la atención preoperatoria','74');
INSERT INTO etapa_servicio (id,nombre,identornoxtipo) VALUES ('461','Atención durante el procedimiento','74');
INSERT INTO etapa_servicio (id,nombre,identornoxtipo) VALUES ('462','Atención postoperatoria inmediata o en UCI o unidad de grandes dependientes','74');
INSERT INTO etapa_servicio (id,nombre,identornoxtipo) VALUES ('463','Atención en planta','74');
INSERT INTO etapa_servicio (id,nombre,identornoxtipo) VALUES ('464','Traspaso asistencial','74');
INSERT INTO etapa_servicio (id,nombre,identornoxtipo) VALUES ('465','Alta','74');
INSERT INTO etapa_servicio (id,nombre,identornoxtipo) VALUES ('466','Después del alta','74');
INSERT INTO etapa_servicio (id,nombre,identornoxtipo) VALUES ('467','Antes de la consulta','75');
INSERT INTO etapa_servicio (id,nombre,identornoxtipo) VALUES ('468','Durante la consulta','75');
INSERT INTO etapa_servicio (id,nombre,identornoxtipo) VALUES ('469','Después de la consulta','75');
INSERT INTO etapa_servicio (id,nombre,identornoxtipo) VALUES ('470','Derivación','75');
INSERT INTO etapa_servicio (id,nombre,identornoxtipo) VALUES ('471','Traspaso asistencial','75');
INSERT INTO etapa_servicio (id,nombre,identornoxtipo) VALUES ('472','Antes del ingreso','76');
INSERT INTO etapa_servicio (id,nombre,identornoxtipo) VALUES ('473','Atención en el momento del ingreso, incluida la atención preoperatoria','76');
INSERT INTO etapa_servicio (id,nombre,identornoxtipo) VALUES ('474','Atención durante el procedimiento','76');
INSERT INTO etapa_servicio (id,nombre,identornoxtipo) VALUES ('475','Atención postoperatoria inmediata o en UCI o unidad de grandes dependientes','76');
INSERT INTO etapa_servicio (id,nombre,identornoxtipo) VALUES ('476','Atención en planta','76');
INSERT INTO etapa_servicio (id,nombre,identornoxtipo) VALUES ('477','Traspaso asistencial','76');
INSERT INTO etapa_servicio (id,nombre,identornoxtipo) VALUES ('478','Alta','76');
INSERT INTO etapa_servicio (id,nombre,identornoxtipo) VALUES ('479','Después del alta','76');
INSERT INTO etapa_servicio (id,nombre,identornoxtipo) VALUES ('480','Antes de la consulta','77');
INSERT INTO etapa_servicio (id,nombre,identornoxtipo) VALUES ('481','Durante la consulta','77');
INSERT INTO etapa_servicio (id,nombre,identornoxtipo) VALUES ('482','Después de la consulta','77');
INSERT INTO etapa_servicio (id,nombre,identornoxtipo) VALUES ('483','Derivación','77');
INSERT INTO etapa_servicio (id,nombre,identornoxtipo) VALUES ('484','Traspaso asistencial','77');
INSERT INTO etapa_servicio (id,nombre,identornoxtipo) VALUES ('485','Antes del ingreso','78');
INSERT INTO etapa_servicio (id,nombre,identornoxtipo) VALUES ('486','Atención en el momento del ingreso, incluida la atención preoperatoria','78');
INSERT INTO etapa_servicio (id,nombre,identornoxtipo) VALUES ('487','Atención durante el procedimiento','78');
INSERT INTO etapa_servicio (id,nombre,identornoxtipo) VALUES ('488','Atención postoperatoria inmediata o en UCI o unidad de grandes dependientes','78');
INSERT INTO etapa_servicio (id,nombre,identornoxtipo) VALUES ('489','Atención en planta','78');
INSERT INTO etapa_servicio (id,nombre,identornoxtipo) VALUES ('490','Traspaso asistencial','78');
INSERT INTO etapa_servicio (id,nombre,identornoxtipo) VALUES ('491','Alta','78');
INSERT INTO etapa_servicio (id,nombre,identornoxtipo) VALUES ('492','Después del alta','78');
INSERT INTO etapa_servicio (id,nombre,identornoxtipo) VALUES ('493','Antes de la consulta','79');
INSERT INTO etapa_servicio (id,nombre,identornoxtipo) VALUES ('494','Durante la consulta','79');
INSERT INTO etapa_servicio (id,nombre,identornoxtipo) VALUES ('495','Después de la consulta','79');
INSERT INTO etapa_servicio (id,nombre,identornoxtipo) VALUES ('496','Derivación','79');
INSERT INTO etapa_servicio (id,nombre,identornoxtipo) VALUES ('497','Traspaso asistencial','79');
INSERT INTO etapa_servicio (id,nombre,identornoxtipo) VALUES ('498','Antes del ingreso','80');
INSERT INTO etapa_servicio (id,nombre,identornoxtipo) VALUES ('499','Atención en el momento del ingreso, incluida la atención preoperatoria','80');
INSERT INTO etapa_servicio (id,nombre,identornoxtipo) VALUES ('500','Atención durante el procedimiento','80');
INSERT INTO etapa_servicio (id,nombre,identornoxtipo) VALUES ('501','Atención postoperatoria inmediata o en UCI o unidad de grandes dependientes','80');
INSERT INTO etapa_servicio (id,nombre,identornoxtipo) VALUES ('502','Atención en planta','80');
INSERT INTO etapa_servicio (id,nombre,identornoxtipo) VALUES ('503','Traspaso asistencial','80');
INSERT INTO etapa_servicio (id,nombre,identornoxtipo) VALUES ('504','Alta','80');
INSERT INTO etapa_servicio (id,nombre,identornoxtipo) VALUES ('505','Después del alta','80');
INSERT INTO etapa_servicio (id,nombre,identornoxtipo) VALUES ('506','Antes de la consulta','81');
INSERT INTO etapa_servicio (id,nombre,identornoxtipo) VALUES ('507','Durante la consulta','81');
INSERT INTO etapa_servicio (id,nombre,identornoxtipo) VALUES ('508','Después de la consulta','81');
INSERT INTO etapa_servicio (id,nombre,identornoxtipo) VALUES ('509','Derivación','81');
INSERT INTO etapa_servicio (id,nombre,identornoxtipo) VALUES ('510','Traspaso asistencial','81');
INSERT INTO etapa_servicio (id,nombre,identornoxtipo) VALUES ('511','Antes del ingreso','82');
INSERT INTO etapa_servicio (id,nombre,identornoxtipo) VALUES ('512','Atención en el momento del ingreso, incluida la atención preoperatoria','82');
INSERT INTO etapa_servicio (id,nombre,identornoxtipo) VALUES ('513','Atención durante el procedimiento','82');
INSERT INTO etapa_servicio (id,nombre,identornoxtipo) VALUES ('514','Atención postoperatoria inmediata o en UCI o unidad de grandes dependientes','82');
INSERT INTO etapa_servicio (id,nombre,identornoxtipo) VALUES ('515','Atención en planta','82');
INSERT INTO etapa_servicio (id,nombre,identornoxtipo) VALUES ('516','Traspaso asistencial','82');
INSERT INTO etapa_servicio (id,nombre,identornoxtipo) VALUES ('517','Alta','82');
INSERT INTO etapa_servicio (id,nombre,identornoxtipo) VALUES ('518','Después del alta','82');
INSERT INTO etapa_servicio (id,nombre,identornoxtipo) VALUES ('519','Antes de la consulta','83');
INSERT INTO etapa_servicio (id,nombre,identornoxtipo) VALUES ('520','Durante la consulta','83');
INSERT INTO etapa_servicio (id,nombre,identornoxtipo) VALUES ('521','Después de la consulta','83');
INSERT INTO etapa_servicio (id,nombre,identornoxtipo) VALUES ('522','Derivación','83');
INSERT INTO etapa_servicio (id,nombre,identornoxtipo) VALUES ('523','Traspaso asistencial','83');
INSERT INTO etapa_servicio (id,nombre,identornoxtipo) VALUES ('524','Antes del ingreso','84');
INSERT INTO etapa_servicio (id,nombre,identornoxtipo) VALUES ('525','Atención en el momento del ingreso, incluida la atención preoperatoria','84');
INSERT INTO etapa_servicio (id,nombre,identornoxtipo) VALUES ('526','Atención durante el procedimiento','84');
INSERT INTO etapa_servicio (id,nombre,identornoxtipo) VALUES ('527','Atención postoperatoria inmediata o en UCI o unidad de grandes dependientes','84');
INSERT INTO etapa_servicio (id,nombre,identornoxtipo) VALUES ('528','Atención en planta','84');
INSERT INTO etapa_servicio (id,nombre,identornoxtipo) VALUES ('529','Traspaso asistencial','84');
INSERT INTO etapa_servicio (id,nombre,identornoxtipo) VALUES ('530','Alta','84');
INSERT INTO etapa_servicio (id,nombre,identornoxtipo) VALUES ('531','Después del alta','84');
INSERT INTO etapa_servicio (id,nombre,identornoxtipo) VALUES ('532','Antes de la consulta','85');
INSERT INTO etapa_servicio (id,nombre,identornoxtipo) VALUES ('533','Durante la consulta','85');
INSERT INTO etapa_servicio (id,nombre,identornoxtipo) VALUES ('534','Después de la consulta','85');
INSERT INTO etapa_servicio (id,nombre,identornoxtipo) VALUES ('535','Derivación','85');
INSERT INTO etapa_servicio (id,nombre,identornoxtipo) VALUES ('536','Traspaso asistencial','85');
INSERT INTO etapa_servicio (id,nombre,identornoxtipo) VALUES ('537','Antes del ingreso','86');
INSERT INTO etapa_servicio (id,nombre,identornoxtipo) VALUES ('538','Atención en el momento del ingreso, incluida la atención preoperatoria','86');
INSERT INTO etapa_servicio (id,nombre,identornoxtipo) VALUES ('539','Atención durante el procedimiento','86');
INSERT INTO etapa_servicio (id,nombre,identornoxtipo) VALUES ('540','Atención postoperatoria inmediata o en UCI o unidad de grandes dependientes','86');
INSERT INTO etapa_servicio (id,nombre,identornoxtipo) VALUES ('541','Atención en planta','86');
INSERT INTO etapa_servicio (id,nombre,identornoxtipo) VALUES ('542','Traspaso asistencial','86');
INSERT INTO etapa_servicio (id,nombre,identornoxtipo) VALUES ('543','Alta','86');
INSERT INTO etapa_servicio (id,nombre,identornoxtipo) VALUES ('544','Después del alta','86');
INSERT INTO etapa_servicio (id,nombre,identornoxtipo) VALUES ('545','Antes de la consulta','87');
INSERT INTO etapa_servicio (id,nombre,identornoxtipo) VALUES ('546','Durante la consulta','87');
INSERT INTO etapa_servicio (id,nombre,identornoxtipo) VALUES ('547','Después de la consulta','87');
INSERT INTO etapa_servicio (id,nombre,identornoxtipo) VALUES ('548','Derivación','87');
INSERT INTO etapa_servicio (id,nombre,identornoxtipo) VALUES ('549','Traspaso asistencial','87');
INSERT INTO etapa_servicio (id,nombre,identornoxtipo) VALUES ('550','Antes del ingreso','88');
INSERT INTO etapa_servicio (id,nombre,identornoxtipo) VALUES ('551','Atención en el momento del ingreso, incluida la atención preoperatoria','88');
INSERT INTO etapa_servicio (id,nombre,identornoxtipo) VALUES ('552','Atención durante el procedimiento','88');
INSERT INTO etapa_servicio (id,nombre,identornoxtipo) VALUES ('553','Atención postoperatoria inmediata o en UCI o unidad de grandes dependientes','88');
INSERT INTO etapa_servicio (id,nombre,identornoxtipo) VALUES ('554','Atención en planta','88');
INSERT INTO etapa_servicio (id,nombre,identornoxtipo) VALUES ('555','Traspaso asistencial','88');
INSERT INTO etapa_servicio (id,nombre,identornoxtipo) VALUES ('556','Alta','88');
INSERT INTO etapa_servicio (id,nombre,identornoxtipo) VALUES ('557','Después del alta','88');
INSERT INTO etapa_servicio (id,nombre,identornoxtipo) VALUES ('558','Antes de la consulta','89');
INSERT INTO etapa_servicio (id,nombre,identornoxtipo) VALUES ('559','Durante la consulta','89');
INSERT INTO etapa_servicio (id,nombre,identornoxtipo) VALUES ('560','Después de la consulta','89');
INSERT INTO etapa_servicio (id,nombre,identornoxtipo) VALUES ('561','Derivación','89');
INSERT INTO etapa_servicio (id,nombre,identornoxtipo) VALUES ('562','Traspaso asistencial','89');
INSERT INTO etapa_servicio (id,nombre,identornoxtipo) VALUES ('563','Antes del ingreso','90');
INSERT INTO etapa_servicio (id,nombre,identornoxtipo) VALUES ('564','Atención en el momento del ingreso, incluida la atención preoperatoria','90');
INSERT INTO etapa_servicio (id,nombre,identornoxtipo) VALUES ('565','Atención durante el procedimiento','90');
INSERT INTO etapa_servicio (id,nombre,identornoxtipo) VALUES ('566','Atención postoperatoria inmediata o en UCI o unidad de grandes dependientes','90');
INSERT INTO etapa_servicio (id,nombre,identornoxtipo) VALUES ('567','Atención en planta','90');
INSERT INTO etapa_servicio (id,nombre,identornoxtipo) VALUES ('568','Traspaso asistencial','90');
INSERT INTO etapa_servicio (id,nombre,identornoxtipo) VALUES ('569','Alta','90');
INSERT INTO etapa_servicio (id,nombre,identornoxtipo) VALUES ('570','Después del alta','90');
INSERT INTO etapa_servicio (id,nombre,identornoxtipo) VALUES ('571','Antes de la consulta','91');
INSERT INTO etapa_servicio (id,nombre,identornoxtipo) VALUES ('572','Durante la consulta','91');
INSERT INTO etapa_servicio (id,nombre,identornoxtipo) VALUES ('573','Después de la consulta','91');
INSERT INTO etapa_servicio (id,nombre,identornoxtipo) VALUES ('574','Derivación','91');
INSERT INTO etapa_servicio (id,nombre,identornoxtipo) VALUES ('575','Traspaso asistencial','91');

/**** FACTORES CONTRIBUYENTES ****/
INSERT INTO factores_contribuyentes (id,nombre) VALUES ('1','Factores del personal');
INSERT INTO factores_contribuyentes (id,nombre) VALUES ('2','Factores del paciente');
INSERT INTO factores_contribuyentes (id,nombre) VALUES ('3','Factores laborales/ambientales');
INSERT INTO factores_contribuyentes (id,nombre) VALUES ('4','Factores de la organización/del servicio');
INSERT INTO factores_contribuyentes (id,nombre) VALUES ('5','Factores externos');
INSERT INTO factores_contribuyentes (id,nombre) VALUES ('6','Otros');

/**** PROCESOS ****/
INSERT INTO procesos (id,nombre) VALUES ('1','Reconocimiento del error');
INSERT INTO procesos (id,nombre) VALUES ('2','Por un cambio en el estado del paciente');
INSERT INTO procesos (id,nombre) VALUES ('3','Por una máquina/un sistema/un cambio ambiental/una alarma');
INSERT INTO procesos (id,nombre) VALUES ('4','Por un recuento/una auditoría/una inspección');
INSERT INTO procesos (id,nombre) VALUES ('5','Evaluación proactiva del riesgo');

/*** METODO DIFUSION ***/
INSERT INTO metodo_difusion(id,nombre) VALUES ('1','Elaboración de informes agregados');
INSERT INTO metodo_difusion(id,nombre) VALUES ('2','Alertas y recopilación de consejos y prácticas seguras');
INSERT INTO metodo_difusion(id,nombre) VALUES ('3','Noticias');
INSERT INTO metodo_difusion(id,nombre) VALUES ('4','Boletines informativos');
INSERT INTO metodo_difusion(id,nombre) VALUES ('5','Foros de discusión');

/*** TIPO CAPACITACION RIESGOS ***/
INSERT INTO tipo_capacitacion_riesgos (id,nombre) VALUES ('1','Capacitación en procedimientos clínicos');
INSERT INTO tipo_capacitacion_riesgos (id,nombre) VALUES ('2','Capacitación en uso de tecnología en salud');